22,-1,kchAlJWiDlOMhhM/+m44qtsgDPI=,/5INZDP0995xaDoWMWSQS3Cea8c=
8,-3,kchAlJWiDlOMhhM/+m44qtsgDPI=,qghfHCvEKKjUFvgsDSGz2GRESdE=
8,-2,kchAlJWiDlOMhhM/+m44qtsgDPI=,qghfHCvEKKjUFvgsDSGz2GRESdE=
8,-1,kchAlJWiDlOMhhM/+m44qtsgDPI=,qghfHCvEKKjUFvgsDSGz2GRESdE=
21,-1,kchAlJWiDlOMhhM/+m44qtsgDPI=,YzwQdbSpHc2mWHGQ5qkeISek1lM=
7,-1,kchAlJWiDlOMhhM/+m44qtsgDPI=,qghfHCvEKKjUFvgsDSGz2GRESdE=
7,-2,kchAlJWiDlOMhhM/+m44qtsgDPI=,/5INZDP0995xaDoWMWSQS3Cea8c=
7,-3,kchAlJWiDlOMhhM/+m44qtsgDPI=,qghfHCvEKKjUFvgsDSGz2GRESdE=
20,-1,kchAlJWiDlOMhhM/+m44qtsgDPI=,kcFIKK/uLZHkfFXnAXIcD9XPdac=
6,-2,kchAlJWiDlOMhhM/+m44qtsgDPI=,JFO42R3UUiHqeUXCD1tueghlX+w=
6,-1,kchAlJWiDlOMhhM/+m44qtsgDPI=,JFO42R3UUiHqeUXCD1tueghlX+w=
6,-3,kchAlJWiDlOMhhM/+m44qtsgDPI=,k/Bn+e+fYONNdfXt5TAep8+dIbE=
5,-3,kchAlJWiDlOMhhM/+m44qtsgDPI=,JFO42R3UUiHqeUXCD1tueghlX+w=
19,-1,kchAlJWiDlOMhhM/+m44qtsgDPI=,kcFIKK/uLZHkfFXnAXIcD9XPdac=
5,-4,kchAlJWiDlOMhhM/+m44qtsgDPI=,k/Bn+e+fYONNdfXt5TAep8+dIbE=
5,-1,kchAlJWiDlOMhhM/+m44qtsgDPI=,JFO42R3UUiHqeUXCD1tueghlX+w=
5,-2,kchAlJWiDlOMhhM/+m44qtsgDPI=,JFO42R3UUiHqeUXCD1tueghlX+w=
4,-4,kchAlJWiDlOMhhM/+m44qtsgDPI=,DyRq+s2o11q1w0G27r6p57jAnBQ=
18,-1,kchAlJWiDlOMhhM/+m44qtsgDPI=,kcFIKK/uLZHkfFXnAXIcD9XPdac=
4,-3,kchAlJWiDlOMhhM/+m44qtsgDPI=,k/Bn+e+fYONNdfXt5TAep8+dIbE=
4,-2,kchAlJWiDlOMhhM/+m44qtsgDPI=,k/Bn+e+fYONNdfXt5TAep8+dIbE=
4,-1,kchAlJWiDlOMhhM/+m44qtsgDPI=,JFO42R3UUiHqeUXCD1tueghlX+w=
31,-1,kchAlJWiDlOMhhM/+m44qtsgDPI=,kcFIKK/uLZHkfFXnAXIcD9XPdac=
17,-1,kchAlJWiDlOMhhM/+m44qtsgDPI=,JFO42R3UUiHqeUXCD1tueghlX+w=
3,-1,kchAlJWiDlOMhhM/+m44qtsgDPI=,JFO42R3UUiHqeUXCD1tueghlX+w=
3,-2,kchAlJWiDlOMhhM/+m44qtsgDPI=,k/Bn+e+fYONNdfXt5TAep8+dIbE=
30,-1,kchAlJWiDlOMhhM/+m44qtsgDPI=,TVPbKAMJcUmhTB8P1nGcRs2RL1Q=
16,-1,kchAlJWiDlOMhhM/+m44qtsgDPI=,Zmfv8jjBMBlCmI5DOUIV9wwByMM=
2,-2,kchAlJWiDlOMhhM/+m44qtsgDPI=,Zmfv8jjBMBlCmI5DOUIV9wwByMM=
2,-1,kchAlJWiDlOMhhM/+m44qtsgDPI=,Zmfv8jjBMBlCmI5DOUIV9wwByMM=
2,-3,kchAlJWiDlOMhhM/+m44qtsgDPI=,Zmfv8jjBMBlCmI5DOUIV9wwByMM=
29,-1,kchAlJWiDlOMhhM/+m44qtsgDPI=,AaVNIilfbDjGd7HbzAWvlQxl+CQ=
1,-5,kchAlJWiDlOMhhM/+m44qtsgDPI=,kcx5d2d7I/G4VIo0zBCLdh9NU4E=
15,-1,kchAlJWiDlOMhhM/+m44qtsgDPI=,kcx5d2d7I/G4VIo0zBCLdh9NU4E=
1,-3,kchAlJWiDlOMhhM/+m44qtsgDPI=,kcx5d2d7I/G4VIo0zBCLdh9NU4E=
1,-1,kchAlJWiDlOMhhM/+m44qtsgDPI=,kcx5d2d7I/G4VIo0zBCLdh9NU4E=
1,-2,kchAlJWiDlOMhhM/+m44qtsgDPI=,kcx5d2d7I/G4VIo0zBCLdh9NU4E=
1,-6,kchAlJWiDlOMhhM/+m44qtsgDPI=,M+5S33r86dy8+G1EL5Ys3wgzvUo=
1,-4,kchAlJWiDlOMhhM/+m44qtsgDPI=,AaVNIilfbDjGd7HbzAWvlQxl+CQ=
0,-7,kchAlJWiDlOMhhM/+m44qtsgDPI=,kcx5d2d7I/G4VIo0zBCLdh9NU4E=
28,-1,kchAlJWiDlOMhhM/+m44qtsgDPI=,kcx5d2d7I/G4VIo0zBCLdh9NU4E=
0,-6,kchAlJWiDlOMhhM/+m44qtsgDPI=,kcx5d2d7I/G4VIo0zBCLdh9NU4E=
0,-5,kchAlJWiDlOMhhM/+m44qtsgDPI=,kcx5d2d7I/G4VIo0zBCLdh9NU4E=
0,-4,kchAlJWiDlOMhhM/+m44qtsgDPI=,kcx5d2d7I/G4VIo0zBCLdh9NU4E=
14,-1,kchAlJWiDlOMhhM/+m44qtsgDPI=,kcx5d2d7I/G4VIo0zBCLdh9NU4E=
0,-3,kchAlJWiDlOMhhM/+m44qtsgDPI=,kcx5d2d7I/G4VIo0zBCLdh9NU4E=
0,-2,kchAlJWiDlOMhhM/+m44qtsgDPI=,kcx5d2d7I/G4VIo0zBCLdh9NU4E=
0,-1,kchAlJWiDlOMhhM/+m44qtsgDPI=,kcx5d2d7I/G4VIo0zBCLdh9NU4E=
27,-1,kchAlJWiDlOMhhM/+m44qtsgDPI=,kcx5d2d7I/G4VIo0zBCLdh9NU4E=
13,-1,kchAlJWiDlOMhhM/+m44qtsgDPI=,kcx5d2d7I/G4VIo0zBCLdh9NU4E=
26,-1,yQy9O7mRIT5P4J5hz9n6c30iS9w=,kcx5d2d7I/G4VIo0zBCLdh9NU4E=
12,-1,yQy9O7mRIT5P4J5hz9n6c30iS9w=,kcx5d2d7I/G4VIo0zBCLdh9NU4E=
25,-1,yQy9O7mRIT5P4J5hz9n6c30iS9w=,kcx5d2d7I/G4VIo0zBCLdh9NU4E=
11,-1,yQy9O7mRIT5P4J5hz9n6c30iS9w=,AaVNIilfbDjGd7HbzAWvlQxl+CQ=
24,-1,yQy9O7mRIT5P4J5hz9n6c30iS9w=,MwwNksI4/1/UoDpyTG3QoSxWAIY=
10,-1,yQy9O7mRIT5P4J5hz9n6c30iS9w=,MwwNksI4/1/UoDpyTG3QoSxWAIY=
10,-2,yQy9O7mRIT5P4J5hz9n6c30iS9w=,x8r/sWT5qAFTptV0Rq7yb96x2Dk=
10,-3,yQy9O7mRIT5P4J5hz9n6c30iS9w=,x8r/sWT5qAFTptV0Rq7yb96x2Dk=
23,-1,yQy9O7mRIT5P4J5hz9n6c30iS9w=,MwwNksI4/1/UoDpyTG3QoSxWAIY=
9,-3,yQy9O7mRIT5P4J5hz9n6c30iS9w=,zxvBFg20Y1D9mX0MHk5emiFkDqc=
9,-4,yQy9O7mRIT5P4J5hz9n6c30iS9w=,x8r/sWT5qAFTptV0Rq7yb96x2Dk=
9,-1,yQy9O7mRIT5P4J5hz9n6c30iS9w=,MwwNksI4/1/UoDpyTG3QoSxWAIY=
9,-2,yQy9O7mRIT5P4J5hz9n6c30iS9w=,zxvBFg20Y1D9mX0MHk5emiFkDqc=
