-18,3,ljntl6sEdLpeHihy3rzniWeCVhk=,9FtFLzCaDnTp2jnIJDDwHx03Nrw=
-19,3,ljntl6sEdLpeHihy3rzniWeCVhk=,8CG9RLE59waUXzabQSvHczvTxC0=
-21,3,ljntl6sEdLpeHihy3rzniWeCVhk=,BZ2vYlr6IaVFkrf1JTbnG0vcreU=
-20,3,ljntl6sEdLpeHihy3rzniWeCVhk=,8CG9RLE59waUXzabQSvHczvTxC0=
-22,3,ljntl6sEdLpeHihy3rzniWeCVhk=,BZ2vYlr6IaVFkrf1JTbnG0vcreU=
-17,3,ljntl6sEdLpeHihy3rzniWeCVhk=,9FtFLzCaDnTp2jnIJDDwHx03Nrw=
-22,0,ljntl6sEdLpeHihy3rzniWeCVhk=,wT/pOf8cIGwvK4lEQoVnFf+rPic=
-22,2,ljntl6sEdLpeHihy3rzniWeCVhk=,BZ2vYlr6IaVFkrf1JTbnG0vcreU=
-17,2,ljntl6sEdLpeHihy3rzniWeCVhk=,9FtFLzCaDnTp2jnIJDDwHx03Nrw=
-22,1,ljntl6sEdLpeHihy3rzniWeCVhk=,wT/pOf8cIGwvK4lEQoVnFf+rPic=
-17,0,HpxnWMdUmzN0aH4FpW9D4yj0dZI=,5EE8l0CfPgpdApX7OY7ECo9MD5k=
-17,1,HpxnWMdUmzN0aH4FpW9D4yj0dZI=,5EE8l0CfPgpdApX7OY7ECo9MD5k=
-19,2,HpxnWMdUmzN0aH4FpW9D4yj0dZI=,8CG9RLE59waUXzabQSvHczvTxC0=
-18,2,HpxnWMdUmzN0aH4FpW9D4yj0dZI=,9FtFLzCaDnTp2jnIJDDwHx03Nrw=
-18,1,HpxnWMdUmzN0aH4FpW9D4yj0dZI=,5EE8l0CfPgpdApX7OY7ECo9MD5k=
-21,0,HpxnWMdUmzN0aH4FpW9D4yj0dZI=,wT/pOf8cIGwvK4lEQoVnFf+rPic=
-21,2,HpxnWMdUmzN0aH4FpW9D4yj0dZI=,BZ2vYlr6IaVFkrf1JTbnG0vcreU=
-19,0,HpxnWMdUmzN0aH4FpW9D4yj0dZI=,RVwXXIFCUSZ3Nd8Tubv3im0KZVA=
-20,2,HpxnWMdUmzN0aH4FpW9D4yj0dZI=,8CG9RLE59waUXzabQSvHczvTxC0=
-19,1,HpxnWMdUmzN0aH4FpW9D4yj0dZI=,RVwXXIFCUSZ3Nd8Tubv3im0KZVA=
-20,0,HpxnWMdUmzN0aH4FpW9D4yj0dZI=,RVwXXIFCUSZ3Nd8Tubv3im0KZVA=
-18,0,HpxnWMdUmzN0aH4FpW9D4yj0dZI=,5EE8l0CfPgpdApX7OY7ECo9MD5k=
-20,1,HpxnWMdUmzN0aH4FpW9D4yj0dZI=,RVwXXIFCUSZ3Nd8Tubv3im0KZVA=
-21,1,HpxnWMdUmzN0aH4FpW9D4yj0dZI=,wT/pOf8cIGwvK4lEQoVnFf+rPic=
-2,10,x5JNDOOp/yjsfd/Jkgyzn1l8dNs=,ThOKppIIABX7J6MSNMEmX85VomQ=
-3,10,x5JNDOOp/yjsfd/Jkgyzn1l8dNs=,SlTVI/taMBE+RwPWOE5k99e2Htk=
-3,9,x5JNDOOp/yjsfd/Jkgyzn1l8dNs=,yoAc5Zx0yzLUZ6g+b8gPG5LIneI=
-2,9,x5JNDOOp/yjsfd/Jkgyzn1l8dNs=,yu5r1aTDEaYUg8p4wfnnKYSzwFA=
-3,12,x5JNDOOp/yjsfd/Jkgyzn1l8dNs=,Uwpo4BjRbVQ8nzWHV4wwM/ak/lE=
-3,11,x5JNDOOp/yjsfd/Jkgyzn1l8dNs=,SlTVI/taMBE+RwPWOE5k99e2Htk=
-2,11,x5JNDOOp/yjsfd/Jkgyzn1l8dNs=,ThOKppIIABX7J6MSNMEmX85VomQ=
-2,12,x5JNDOOp/yjsfd/Jkgyzn1l8dNs=,Zel0msvar7EoQn9NZgK5rAx6d1k=
-5,7,EOS/OsDWu0dVzUNvVeFCCxbYz70=,2l6hq5hAsE9wc6ch1eUBfDtsQzo=
-4,8,EOS/OsDWu0dVzUNvVeFCCxbYz70=,yoAc5Zx0yzLUZ6g+b8gPG5LIneI=
-5,8,EOS/OsDWu0dVzUNvVeFCCxbYz70=,d3FxmMGfo+TyNKMTQHqmGc/jZww=
-4,7,iJ6roZra/4b7NJm8pTSMUNYZpG0=,dirkvpdCwyAKqf8cItfdkvlSRBU=
-3,8,DYij30LBq53cBKfUCyt+GWImtrM=,yoAc5Zx0yzLUZ6g+b8gPG5LIneI=
-2,7,DYij30LBq53cBKfUCyt+GWImtrM=,QfjjDqWzI7yFNrapRtQwhZIaznk=
-2,8,+ZrT1XM0doYAFzVwkLiKVwk4rgQ=,yu5r1aTDEaYUg8p4wfnnKYSzwFA=
-3,7,WbKNqkFKA+Mn0S5GVR89Il4JxY4=,dirkvpdCwyAKqf8cItfdkvlSRBU=
-3,6,WbKNqkFKA+Mn0S5GVR89Il4JxY4=,dirkvpdCwyAKqf8cItfdkvlSRBU=
-2,5,B5SJzLAFG0BGQbJzOIOAgyWR87c=,QML570G3R3BhAwp6qV/gXqJ462U=
-2,6,B5SJzLAFG0BGQbJzOIOAgyWR87c=,QfjjDqWzI7yFNrapRtQwhZIaznk=
-5,5,B5SJzLAFG0BGQbJzOIOAgyWR87c=,S1MA1v9zfd6goTgxVKL7lMnd3Z4=
-5,6,MfXSiQMgFJavkiyWct1ZKRfUtbw=,2l6hq5hAsE9wc6ch1eUBfDtsQzo=
-4,6,MfXSiQMgFJavkiyWct1ZKRfUtbw=,dirkvpdCwyAKqf8cItfdkvlSRBU=
-4,5,RMVNTPhPHWE7BY3G10oxFAP/EkY=,zX1r8LcEKkv7nL6LFOi/Duzyev4=
-3,5,VxC+frHRvaEO/20Rbr/F0XbDW4o=,zX1r8LcEKkv7nL6LFOi/Duzyev4=
-5,4,VxC+frHRvaEO/20Rbr/F0XbDW4o=,S1MA1v9zfd6goTgxVKL7lMnd3Z4=
-4,4,ELVwOJjFjwA8CgiiXfMIlZwvs4U=,zX1r8LcEKkv7nL6LFOi/Duzyev4=
-4,3,ELVwOJjFjwA8CgiiXfMIlZwvs4U=,y7lRkKWQuvtPMvm66RV4mdzqaHk=
-5,3,t0Sw9pIWFaXbx5YZqG+LCEdE8X4=,cyybn5xzJUZsxOqyi7kQr96/G1I=
-7,3,YnhxgqyCBDDOwPY8ezUOECh13i0=,HoMeR0XPpcM9ri7DsD9eZX669x4=
-7,4,SEG96rqsypTKukGIyjHeE6emiTY=,DH/WLE7VBw29yymEh/rKgMVoY8c=
-6,3,SEG96rqsypTKukGIyjHeE6emiTY=,cyybn5xzJUZsxOqyi7kQr96/G1I=
-7,6,SEG96rqsypTKukGIyjHeE6emiTY=,5jgJeYh2nl684SrSyIyNBUMlzWo=
-6,4,SEG96rqsypTKukGIyjHeE6emiTY=,S1MA1v9zfd6goTgxVKL7lMnd3Z4=
-7,5,SEG96rqsypTKukGIyjHeE6emiTY=,DH/WLE7VBw29yymEh/rKgMVoY8c=
-6,6,SEG96rqsypTKukGIyjHeE6emiTY=,2l6hq5hAsE9wc6ch1eUBfDtsQzo=
-6,7,SEG96rqsypTKukGIyjHeE6emiTY=,2l6hq5hAsE9wc6ch1eUBfDtsQzo=
-7,7,SEG96rqsypTKukGIyjHeE6emiTY=,5jgJeYh2nl684SrSyIyNBUMlzWo=
-6,8,SEG96rqsypTKukGIyjHeE6emiTY=,d3FxmMGfo+TyNKMTQHqmGc/jZww=
-6,5,SEG96rqsypTKukGIyjHeE6emiTY=,S1MA1v9zfd6goTgxVKL7lMnd3Z4=
-11,7,SEG96rqsypTKukGIyjHeE6emiTY=,Czq4UfIV5S/1THOO15WTOUH3I9M=
-7,8,SEG96rqsypTKukGIyjHeE6emiTY=,JnvJPATFi8dAHrVCpinb25cXhNY=
-11,8,SEG96rqsypTKukGIyjHeE6emiTY=,iJceNQe+h2eNyfdkLqACDDaAZ8U=
-8,8,SEG96rqsypTKukGIyjHeE6emiTY=,JnvJPATFi8dAHrVCpinb25cXhNY=
-10,7,SEG96rqsypTKukGIyjHeE6emiTY=,UEg1J+b2uJxH2GMVkVvzq58TFlM=
-9,8,SEG96rqsypTKukGIyjHeE6emiTY=,vyv0ULW3+S4MLsmw4zqQkF29w7s=
-8,7,SEG96rqsypTKukGIyjHeE6emiTY=,5jgJeYh2nl684SrSyIyNBUMlzWo=
-9,7,SEG96rqsypTKukGIyjHeE6emiTY=,UEg1J+b2uJxH2GMVkVvzq58TFlM=
-10,8,SEG96rqsypTKukGIyjHeE6emiTY=,vyv0ULW3+S4MLsmw4zqQkF29w7s=
-11,9,SEG96rqsypTKukGIyjHeE6emiTY=,iJceNQe+h2eNyfdkLqACDDaAZ8U=
-8,10,SEG96rqsypTKukGIyjHeE6emiTY=,w/fDCGuwiD7FEvnZOkaE/zPvG+k=
-10,10,SEG96rqsypTKukGIyjHeE6emiTY=,ZZqSoeypjb7Wb9VBRQZ+9Qs6lto=
-11,10,SEG96rqsypTKukGIyjHeE6emiTY=,br2hXAOf/q62G9Z9ZAG2YpkFTis=
-9,10,SEG96rqsypTKukGIyjHeE6emiTY=,ZZqSoeypjb7Wb9VBRQZ+9Qs6lto=
-8,9,SEG96rqsypTKukGIyjHeE6emiTY=,JnvJPATFi8dAHrVCpinb25cXhNY=
-10,9,SEG96rqsypTKukGIyjHeE6emiTY=,vyv0ULW3+S4MLsmw4zqQkF29w7s=
-9,9,SEG96rqsypTKukGIyjHeE6emiTY=,vyv0ULW3+S4MLsmw4zqQkF29w7s=
-8,11,SEG96rqsypTKukGIyjHeE6emiTY=,w/fDCGuwiD7FEvnZOkaE/zPvG+k=
-9,11,SEG96rqsypTKukGIyjHeE6emiTY=,ZZqSoeypjb7Wb9VBRQZ+9Qs6lto=
-9,12,SEG96rqsypTKukGIyjHeE6emiTY=,gNctEfx3JRHvke2p6o9QT5I8cio=
-8,12,SEG96rqsypTKukGIyjHeE6emiTY=,sLFEtrjSqgQJiH85gHNZL1z1akA=
-7,10,SEG96rqsypTKukGIyjHeE6emiTY=,w/fDCGuwiD7FEvnZOkaE/zPvG+k=
-6,10,SEG96rqsypTKukGIyjHeE6emiTY=,Cfi2ztaRY4a2u6OFsBLNt5ws5XI=
-6,9,SEG96rqsypTKukGIyjHeE6emiTY=,d3FxmMGfo+TyNKMTQHqmGc/jZww=
-7,9,SEG96rqsypTKukGIyjHeE6emiTY=,JnvJPATFi8dAHrVCpinb25cXhNY=
-5,10,SEG96rqsypTKukGIyjHeE6emiTY=,Cfi2ztaRY4a2u6OFsBLNt5ws5XI=
-4,9,SEG96rqsypTKukGIyjHeE6emiTY=,yoAc5Zx0yzLUZ6g+b8gPG5LIneI=
-5,9,SEG96rqsypTKukGIyjHeE6emiTY=,d3FxmMGfo+TyNKMTQHqmGc/jZww=
-4,10,SEG96rqsypTKukGIyjHeE6emiTY=,SlTVI/taMBE+RwPWOE5k99e2Htk=
-8,14,SEG96rqsypTKukGIyjHeE6emiTY=,yCRm3REkKwpGxLfWjAdpVYVpyZk=
-8,13,SEG96rqsypTKukGIyjHeE6emiTY=,sLFEtrjSqgQJiH85gHNZL1z1akA=
-9,14,SEG96rqsypTKukGIyjHeE6emiTY=,OB+P6y0+WEgB7GrHu/yuVh8xdF4=
-9,13,SEG96rqsypTKukGIyjHeE6emiTY=,gNctEfx3JRHvke2p6o9QT5I8cio=
-4,15,SEG96rqsypTKukGIyjHeE6emiTY=,FhaR6rcv8cAYvborGMSiyAxAccQ=
-5,15,SEG96rqsypTKukGIyjHeE6emiTY=,wfBfbOOUEKZYeYiuMtWRjr+Scus=
-12,9,SEG96rqsypTKukGIyjHeE6emiTY=,iJceNQe+h2eNyfdkLqACDDaAZ8U=
-5,11,SEG96rqsypTKukGIyjHeE6emiTY=,Cfi2ztaRY4a2u6OFsBLNt5ws5XI=
-12,10,SEG96rqsypTKukGIyjHeE6emiTY=,br2hXAOf/q62G9Z9ZAG2YpkFTis=
-5,14,SEG96rqsypTKukGIyjHeE6emiTY=,wfBfbOOUEKZYeYiuMtWRjr+Scus=
-4,13,SEG96rqsypTKukGIyjHeE6emiTY=,Uwpo4BjRbVQ8nzWHV4wwM/ak/lE=
-7,11,SEG96rqsypTKukGIyjHeE6emiTY=,w/fDCGuwiD7FEvnZOkaE/zPvG+k=
-5,12,SEG96rqsypTKukGIyjHeE6emiTY=,mLp2vNL2kCK+2E0M88R+k1NDVU8=
-7,13,SEG96rqsypTKukGIyjHeE6emiTY=,sLFEtrjSqgQJiH85gHNZL1z1akA=
-4,11,SEG96rqsypTKukGIyjHeE6emiTY=,SlTVI/taMBE+RwPWOE5k99e2Htk=
-4,12,SEG96rqsypTKukGIyjHeE6emiTY=,Uwpo4BjRbVQ8nzWHV4wwM/ak/lE=
-6,13,SEG96rqsypTKukGIyjHeE6emiTY=,mLp2vNL2kCK+2E0M88R+k1NDVU8=
-4,14,SEG96rqsypTKukGIyjHeE6emiTY=,FhaR6rcv8cAYvborGMSiyAxAccQ=
-7,14,SEG96rqsypTKukGIyjHeE6emiTY=,yCRm3REkKwpGxLfWjAdpVYVpyZk=
-6,14,SEG96rqsypTKukGIyjHeE6emiTY=,wfBfbOOUEKZYeYiuMtWRjr+Scus=
-5,13,SEG96rqsypTKukGIyjHeE6emiTY=,mLp2vNL2kCK+2E0M88R+k1NDVU8=
-6,12,SEG96rqsypTKukGIyjHeE6emiTY=,mLp2vNL2kCK+2E0M88R+k1NDVU8=
-6,11,SEG96rqsypTKukGIyjHeE6emiTY=,Cfi2ztaRY4a2u6OFsBLNt5ws5XI=
-7,12,SEG96rqsypTKukGIyjHeE6emiTY=,sLFEtrjSqgQJiH85gHNZL1z1akA=
-1,8,SEG96rqsypTKukGIyjHeE6emiTY=,yu5r1aTDEaYUg8p4wfnnKYSzwFA=
-1,12,SEG96rqsypTKukGIyjHeE6emiTY=,Zel0msvar7EoQn9NZgK5rAx6d1k=
-1,7,SEG96rqsypTKukGIyjHeE6emiTY=,QfjjDqWzI7yFNrapRtQwhZIaznk=
-1,10,SEG96rqsypTKukGIyjHeE6emiTY=,ThOKppIIABX7J6MSNMEmX85VomQ=
-1,11,SEG96rqsypTKukGIyjHeE6emiTY=,ThOKppIIABX7J6MSNMEmX85VomQ=
-1,9,SEG96rqsypTKukGIyjHeE6emiTY=,yu5r1aTDEaYUg8p4wfnnKYSzwFA=
-12,11,SEG96rqsypTKukGIyjHeE6emiTY=,br2hXAOf/q62G9Z9ZAG2YpkFTis=
-12,13,SEG96rqsypTKukGIyjHeE6emiTY=,K0xRXehVsRoqWHG0VzbnOGw8sPc=
-11,13,SEG96rqsypTKukGIyjHeE6emiTY=,K0xRXehVsRoqWHG0VzbnOGw8sPc=
-12,12,SEG96rqsypTKukGIyjHeE6emiTY=,K0xRXehVsRoqWHG0VzbnOGw8sPc=
-10,14,SEG96rqsypTKukGIyjHeE6emiTY=,OB+P6y0+WEgB7GrHu/yuVh8xdF4=
-11,12,SEG96rqsypTKukGIyjHeE6emiTY=,K0xRXehVsRoqWHG0VzbnOGw8sPc=
-10,11,SEG96rqsypTKukGIyjHeE6emiTY=,ZZqSoeypjb7Wb9VBRQZ+9Qs6lto=
-10,13,SEG96rqsypTKukGIyjHeE6emiTY=,gNctEfx3JRHvke2p6o9QT5I8cio=
-11,11,SEG96rqsypTKukGIyjHeE6emiTY=,br2hXAOf/q62G9Z9ZAG2YpkFTis=
-10,12,SEG96rqsypTKukGIyjHeE6emiTY=,gNctEfx3JRHvke2p6o9QT5I8cio=
-1,14,SEG96rqsypTKukGIyjHeE6emiTY=,6MxxR4oic8LdC+17+UEWXS3R0A0=
-2,13,SEG96rqsypTKukGIyjHeE6emiTY=,Zel0msvar7EoQn9NZgK5rAx6d1k=
-1,15,SEG96rqsypTKukGIyjHeE6emiTY=,6MxxR4oic8LdC+17+UEWXS3R0A0=
-2,15,SEG96rqsypTKukGIyjHeE6emiTY=,6MxxR4oic8LdC+17+UEWXS3R0A0=
-3,14,SEG96rqsypTKukGIyjHeE6emiTY=,FhaR6rcv8cAYvborGMSiyAxAccQ=
-1,13,SEG96rqsypTKukGIyjHeE6emiTY=,Zel0msvar7EoQn9NZgK5rAx6d1k=
-3,15,SEG96rqsypTKukGIyjHeE6emiTY=,FhaR6rcv8cAYvborGMSiyAxAccQ=
-3,13,SEG96rqsypTKukGIyjHeE6emiTY=,Uwpo4BjRbVQ8nzWHV4wwM/ak/lE=
-2,14,SEG96rqsypTKukGIyjHeE6emiTY=,6MxxR4oic8LdC+17+UEWXS3R0A0=
-6,1,SEG96rqsypTKukGIyjHeE6emiTY=,eGkOHYvmPyTsl7pF5uaM7FVjRZM=
-7,1,SEG96rqsypTKukGIyjHeE6emiTY=,S3IT/SKL79/bDi70SPGkEM4a7ak=
-6,2,SEG96rqsypTKukGIyjHeE6emiTY=,cyybn5xzJUZsxOqyi7kQr96/G1I=
-4,2,SEG96rqsypTKukGIyjHeE6emiTY=,y7lRkKWQuvtPMvm66RV4mdzqaHk=
-4,1,SEG96rqsypTKukGIyjHeE6emiTY=,rLWsd4CsOLT6c9W86JAWVphvDRY=
-5,2,SEG96rqsypTKukGIyjHeE6emiTY=,cyybn5xzJUZsxOqyi7kQr96/G1I=
-5,1,SEG96rqsypTKukGIyjHeE6emiTY=,eGkOHYvmPyTsl7pF5uaM7FVjRZM=
-7,2,SEG96rqsypTKukGIyjHeE6emiTY=,HoMeR0XPpcM9ri7DsD9eZX669x4=
-11,5,SEG96rqsypTKukGIyjHeE6emiTY=,NBaamu22LF2JlZSkQ35+kj3CCt0=
-9,6,SEG96rqsypTKukGIyjHeE6emiTY=,UEg1J+b2uJxH2GMVkVvzq58TFlM=
-11,6,SEG96rqsypTKukGIyjHeE6emiTY=,Czq4UfIV5S/1THOO15WTOUH3I9M=
-10,6,SEG96rqsypTKukGIyjHeE6emiTY=,UEg1J+b2uJxH2GMVkVvzq58TFlM=
-8,5,SEG96rqsypTKukGIyjHeE6emiTY=,DH/WLE7VBw29yymEh/rKgMVoY8c=
-11,3,SEG96rqsypTKukGIyjHeE6emiTY=,QJ9SzyUPgCOYfDFNnki1T3oEh6Q=
-10,5,SEG96rqsypTKukGIyjHeE6emiTY=,0e1Y8bcyv2GNENAQQKhhsaXyoiE=
-11,4,SEG96rqsypTKukGIyjHeE6emiTY=,NBaamu22LF2JlZSkQ35+kj3CCt0=
-8,6,SEG96rqsypTKukGIyjHeE6emiTY=,5jgJeYh2nl684SrSyIyNBUMlzWo=
-8,3,SEG96rqsypTKukGIyjHeE6emiTY=,HoMeR0XPpcM9ri7DsD9eZX669x4=
-8,1,SEG96rqsypTKukGIyjHeE6emiTY=,S3IT/SKL79/bDi70SPGkEM4a7ak=
-10,3,SEG96rqsypTKukGIyjHeE6emiTY=,T3Ik+3N/lrUZyLz2JZ7YGEA/Uig=
-11,1,SEG96rqsypTKukGIyjHeE6emiTY=,ei5lNI0qFJM3KY3ujbxGg7cCrks=
-10,1,SEG96rqsypTKukGIyjHeE6emiTY=,DoGw36NBf4qU46+NkoC80XlPqLw=
-10,4,SEG96rqsypTKukGIyjHeE6emiTY=,0e1Y8bcyv2GNENAQQKhhsaXyoiE=
-9,2,SEG96rqsypTKukGIyjHeE6emiTY=,T3Ik+3N/lrUZyLz2JZ7YGEA/Uig=
-8,4,SEG96rqsypTKukGIyjHeE6emiTY=,DH/WLE7VBw29yymEh/rKgMVoY8c=
-8,2,SEG96rqsypTKukGIyjHeE6emiTY=,HoMeR0XPpcM9ri7DsD9eZX669x4=
-9,3,SEG96rqsypTKukGIyjHeE6emiTY=,T3Ik+3N/lrUZyLz2JZ7YGEA/Uig=
-9,4,SEG96rqsypTKukGIyjHeE6emiTY=,0e1Y8bcyv2GNENAQQKhhsaXyoiE=
-11,2,SEG96rqsypTKukGIyjHeE6emiTY=,QJ9SzyUPgCOYfDFNnki1T3oEh6Q=
-10,2,SEG96rqsypTKukGIyjHeE6emiTY=,T3Ik+3N/lrUZyLz2JZ7YGEA/Uig=
-9,5,SEG96rqsypTKukGIyjHeE6emiTY=,0e1Y8bcyv2GNENAQQKhhsaXyoiE=
-9,1,SEG96rqsypTKukGIyjHeE6emiTY=,DoGw36NBf4qU46+NkoC80XlPqLw=
-11,0,SEG96rqsypTKukGIyjHeE6emiTY=,ei5lNI0qFJM3KY3ujbxGg7cCrks=
-10,0,SEG96rqsypTKukGIyjHeE6emiTY=,DoGw36NBf4qU46+NkoC80XlPqLw=
-12,2,SEG96rqsypTKukGIyjHeE6emiTY=,QJ9SzyUPgCOYfDFNnki1T3oEh6Q=
-7,0,SEG96rqsypTKukGIyjHeE6emiTY=,S3IT/SKL79/bDi70SPGkEM4a7ak=
-6,0,SEG96rqsypTKukGIyjHeE6emiTY=,eGkOHYvmPyTsl7pF5uaM7FVjRZM=
-9,0,SEG96rqsypTKukGIyjHeE6emiTY=,DoGw36NBf4qU46+NkoC80XlPqLw=
-12,0,SEG96rqsypTKukGIyjHeE6emiTY=,ei5lNI0qFJM3KY3ujbxGg7cCrks=
-13,1,SEG96rqsypTKukGIyjHeE6emiTY=,o5JXcTftaG6Ls5gsurXZV76cRCU=
-12,1,SEG96rqsypTKukGIyjHeE6emiTY=,ei5lNI0qFJM3KY3ujbxGg7cCrks=
-13,0,SEG96rqsypTKukGIyjHeE6emiTY=,o5JXcTftaG6Ls5gsurXZV76cRCU=
-5,0,SEG96rqsypTKukGIyjHeE6emiTY=,eGkOHYvmPyTsl7pF5uaM7FVjRZM=
-8,0,SEG96rqsypTKukGIyjHeE6emiTY=,S3IT/SKL79/bDi70SPGkEM4a7ak=
-4,0,SEG96rqsypTKukGIyjHeE6emiTY=,rLWsd4CsOLT6c9W86JAWVphvDRY=
-1,5,SEG96rqsypTKukGIyjHeE6emiTY=,QML570G3R3BhAwp6qV/gXqJ462U=
-1,6,SEG96rqsypTKukGIyjHeE6emiTY=,QfjjDqWzI7yFNrapRtQwhZIaznk=
-6,15,SEG96rqsypTKukGIyjHeE6emiTY=,wfBfbOOUEKZYeYiuMtWRjr+Scus=
-7,15,SEG96rqsypTKukGIyjHeE6emiTY=,yCRm3REkKwpGxLfWjAdpVYVpyZk=
-12,3,SEG96rqsypTKukGIyjHeE6emiTY=,QJ9SzyUPgCOYfDFNnki1T3oEh6Q=
-12,5,SEG96rqsypTKukGIyjHeE6emiTY=,NBaamu22LF2JlZSkQ35+kj3CCt0=
-12,7,SEG96rqsypTKukGIyjHeE6emiTY=,Czq4UfIV5S/1THOO15WTOUH3I9M=
-12,8,SEG96rqsypTKukGIyjHeE6emiTY=,iJceNQe+h2eNyfdkLqACDDaAZ8U=
-10,15,SEG96rqsypTKukGIyjHeE6emiTY=,OB+P6y0+WEgB7GrHu/yuVh8xdF4=
-12,4,SEG96rqsypTKukGIyjHeE6emiTY=,NBaamu22LF2JlZSkQ35+kj3CCt0=
-12,6,SEG96rqsypTKukGIyjHeE6emiTY=,Czq4UfIV5S/1THOO15WTOUH3I9M=
-8,15,SEG96rqsypTKukGIyjHeE6emiTY=,yCRm3REkKwpGxLfWjAdpVYVpyZk=
-9,15,SEG96rqsypTKukGIyjHeE6emiTY=,OB+P6y0+WEgB7GrHu/yuVh8xdF4=
-15,1,SEG96rqsypTKukGIyjHeE6emiTY=,TCK9SeHvfimqNDEZ9upbi4PBw/w=
-16,0,SEG96rqsypTKukGIyjHeE6emiTY=,TCK9SeHvfimqNDEZ9upbi4PBw/w=
-14,0,SEG96rqsypTKukGIyjHeE6emiTY=,o5JXcTftaG6Ls5gsurXZV76cRCU=
-16,1,SEG96rqsypTKukGIyjHeE6emiTY=,TCK9SeHvfimqNDEZ9upbi4PBw/w=
-14,1,SEG96rqsypTKukGIyjHeE6emiTY=,o5JXcTftaG6Ls5gsurXZV76cRCU=
-15,0,SEG96rqsypTKukGIyjHeE6emiTY=,TCK9SeHvfimqNDEZ9upbi4PBw/w=
-3,0,SEG96rqsypTKukGIyjHeE6emiTY=,rLWsd4CsOLT6c9W86JAWVphvDRY=
-2,0,SEG96rqsypTKukGIyjHeE6emiTY=,rryzX3oH33tb4g5p6CpXwHOipeo=
-1,0,SEG96rqsypTKukGIyjHeE6emiTY=,rryzX3oH33tb4g5p6CpXwHOipeo=
-3,2,SEG96rqsypTKukGIyjHeE6emiTY=,y7lRkKWQuvtPMvm66RV4mdzqaHk=
-1,1,SEG96rqsypTKukGIyjHeE6emiTY=,rryzX3oH33tb4g5p6CpXwHOipeo=
-3,3,SEG96rqsypTKukGIyjHeE6emiTY=,y7lRkKWQuvtPMvm66RV4mdzqaHk=
-2,2,SEG96rqsypTKukGIyjHeE6emiTY=,647aCILbjdb2Cc6qm15lp1a/n04=
-3,1,SEG96rqsypTKukGIyjHeE6emiTY=,rLWsd4CsOLT6c9W86JAWVphvDRY=
-2,1,SEG96rqsypTKukGIyjHeE6emiTY=,rryzX3oH33tb4g5p6CpXwHOipeo=
-1,3,SEG96rqsypTKukGIyjHeE6emiTY=,647aCILbjdb2Cc6qm15lp1a/n04=
-1,4,SEG96rqsypTKukGIyjHeE6emiTY=,QML570G3R3BhAwp6qV/gXqJ462U=
-2,3,SEG96rqsypTKukGIyjHeE6emiTY=,647aCILbjdb2Cc6qm15lp1a/n04=
-3,4,SEG96rqsypTKukGIyjHeE6emiTY=,zX1r8LcEKkv7nL6LFOi/Duzyev4=
-1,2,SEG96rqsypTKukGIyjHeE6emiTY=,647aCILbjdb2Cc6qm15lp1a/n04=
-2,4,SEG96rqsypTKukGIyjHeE6emiTY=,QML570G3R3BhAwp6qV/gXqJ462U=
-4,16,UZD3ksScRqHIIMFgHTm60x2NLtM=,MvqGAr5GJp+ZzkC7MtSqnoQEz1g=
-7,20,UZD3ksScRqHIIMFgHTm60x2NLtM=,uAeaccKUKthFkhD6LVb98bwJrY8=
-8,20,UZD3ksScRqHIIMFgHTm60x2NLtM=,uAeaccKUKthFkhD6LVb98bwJrY8=
-7,19,UZD3ksScRqHIIMFgHTm60x2NLtM=,d49XSSCjP6PMHSpxoeQBWmG08cc=
-9,19,fJjspwF29yvAX+p9B99VIPbRzjs=,RyVnRAjqz/rb4O1fpieoOIkoHkc=
-8,19,fJjspwF29yvAX+p9B99VIPbRzjs=,d49XSSCjP6PMHSpxoeQBWmG08cc=
-4,17,fJjspwF29yvAX+p9B99VIPbRzjs=,MvqGAr5GJp+ZzkC7MtSqnoQEz1g=
-7,18,fJjspwF29yvAX+p9B99VIPbRzjs=,d49XSSCjP6PMHSpxoeQBWmG08cc=
-7,21,fJjspwF29yvAX+p9B99VIPbRzjs=,uAeaccKUKthFkhD6LVb98bwJrY8=
-8,21,fJjspwF29yvAX+p9B99VIPbRzjs=,uAeaccKUKthFkhD6LVb98bwJrY8=
-10,18,fJjspwF29yvAX+p9B99VIPbRzjs=,RyVnRAjqz/rb4O1fpieoOIkoHkc=
-10,19,fJjspwF29yvAX+p9B99VIPbRzjs=,RyVnRAjqz/rb4O1fpieoOIkoHkc=
-7,17,fJjspwF29yvAX+p9B99VIPbRzjs=,lxGmi4Zl02HE/8pbGEDC4gKWOhY=
-10,16,fJjspwF29yvAX+p9B99VIPbRzjs=,p5qj+AqOWTi2i/qC7lAXuQH4X5s=
-10,17,fJjspwF29yvAX+p9B99VIPbRzjs=,p5qj+AqOWTi2i/qC7lAXuQH4X5s=
-8,17,fJjspwF29yvAX+p9B99VIPbRzjs=,lxGmi4Zl02HE/8pbGEDC4gKWOhY=
-8,16,fJjspwF29yvAX+p9B99VIPbRzjs=,lxGmi4Zl02HE/8pbGEDC4gKWOhY=
-7,16,fJjspwF29yvAX+p9B99VIPbRzjs=,lxGmi4Zl02HE/8pbGEDC4gKWOhY=
-9,17,fJjspwF29yvAX+p9B99VIPbRzjs=,p5qj+AqOWTi2i/qC7lAXuQH4X5s=
-8,18,fJjspwF29yvAX+p9B99VIPbRzjs=,d49XSSCjP6PMHSpxoeQBWmG08cc=
-9,16,fJjspwF29yvAX+p9B99VIPbRzjs=,p5qj+AqOWTi2i/qC7lAXuQH4X5s=
-3,17,fJjspwF29yvAX+p9B99VIPbRzjs=,MvqGAr5GJp+ZzkC7MtSqnoQEz1g=
-9,18,fJjspwF29yvAX+p9B99VIPbRzjs=,RyVnRAjqz/rb4O1fpieoOIkoHkc=
-2,17,fJjspwF29yvAX+p9B99VIPbRzjs=,hTMHwe8wvxyk1UFe7GeId4AlQjs=
-1,17,fJjspwF29yvAX+p9B99VIPbRzjs=,hTMHwe8wvxyk1UFe7GeId4AlQjs=
-3,16,fJjspwF29yvAX+p9B99VIPbRzjs=,MvqGAr5GJp+ZzkC7MtSqnoQEz1g=
-1,16,fJjspwF29yvAX+p9B99VIPbRzjs=,hTMHwe8wvxyk1UFe7GeId4AlQjs=
-2,16,fJjspwF29yvAX+p9B99VIPbRzjs=,hTMHwe8wvxyk1UFe7GeId4AlQjs=
