-40,-4,DiAI3FEUyqzK7pFxJ9zQob+cZEQ=,DWKOBS39dPzR3P81SDp89Y6LTjw=
-40,-5,DiAI3FEUyqzK7pFxJ9zQob+cZEQ=,8B79zLtdcuraJwC7izVbGkeewu4=
-41,-5,DiAI3FEUyqzK7pFxJ9zQob+cZEQ=,usp7lKkgzYC1R42hWma/FegAA/I=
-41,-4,DiAI3FEUyqzK7pFxJ9zQob+cZEQ=,Gboru1xdF7pkP9MLNOtqDxvHpcw=
-40,-6,WBb3McS60NQtIegKe+Cm5BN+vD8=,8B79zLtdcuraJwC7izVbGkeewu4=
-40,-7,WBb3McS60NQtIegKe+Cm5BN+vD8=,s0PjrlnosZQL93FtSUqWLvkC+jw=
-41,-7,WBb3McS60NQtIegKe+Cm5BN+vD8=,b5my1z64DT3xIEQkjBNwuduzr7A=
-41,-6,WBb3McS60NQtIegKe+Cm5BN+vD8=,usp7lKkgzYC1R42hWma/FegAA/I=
-43,-6,WBb3McS60NQtIegKe+Cm5BN+vD8=,vfUP6iE9fZWVC0GqIdzK1oMnj5c=
-43,-7,WBb3McS60NQtIegKe+Cm5BN+vD8=,HiH6YjW0V0YtbdysKl7QTo4bMU8=
-39,-9,WBb3McS60NQtIegKe+Cm5BN+vD8=,vfEmaYRdkl7hiD3xfEyUqhlVgmI=
-38,-8,WBb3McS60NQtIegKe+Cm5BN+vD8=,Cfsk99ORr9cts+jsYl3OCLflj88=
-39,-8,WBb3McS60NQtIegKe+Cm5BN+vD8=,s0PjrlnosZQL93FtSUqWLvkC+jw=
-43,-4,WBb3McS60NQtIegKe+Cm5BN+vD8=,MWcUnzYdD6hAxTdWWzaJ9CVXGE4=
-38,-9,WBb3McS60NQtIegKe+Cm5BN+vD8=,SUmjfjgHXusVAF8MCmfPheKhI3M=
-43,-9,WBb3McS60NQtIegKe+Cm5BN+vD8=,fhlZHPGFi29Iy2EavJcBomM68vE=
-43,-5,WBb3McS60NQtIegKe+Cm5BN+vD8=,vfUP6iE9fZWVC0GqIdzK1oMnj5c=
-43,-10,WBb3McS60NQtIegKe+Cm5BN+vD8=,fhlZHPGFi29Iy2EavJcBomM68vE=
-43,-3,WBb3McS60NQtIegKe+Cm5BN+vD8=,MWcUnzYdD6hAxTdWWzaJ9CVXGE4=
-42,-3,WBb3McS60NQtIegKe+Cm5BN+vD8=,Gboru1xdF7pkP9MLNOtqDxvHpcw=
-40,-9,WBb3McS60NQtIegKe+Cm5BN+vD8=,vfEmaYRdkl7hiD3xfEyUqhlVgmI=
-42,-8,WBb3McS60NQtIegKe+Cm5BN+vD8=,b5my1z64DT3xIEQkjBNwuduzr7A=
-43,-8,WBb3McS60NQtIegKe+Cm5BN+vD8=,HiH6YjW0V0YtbdysKl7QTo4bMU8=
-41,-8,WBb3McS60NQtIegKe+Cm5BN+vD8=,b5my1z64DT3xIEQkjBNwuduzr7A=
-42,-11,WBb3McS60NQtIegKe+Cm5BN+vD8=,yI86El5fv6gRy05f2lvuv7KkLPg=
-42,-9,WBb3McS60NQtIegKe+Cm5BN+vD8=,biKDGONLFHDDqgbfu6z4jvUEeHs=
-42,-5,WBb3McS60NQtIegKe+Cm5BN+vD8=,usp7lKkgzYC1R42hWma/FegAA/I=
-40,-2,WBb3McS60NQtIegKe+Cm5BN+vD8=,R/YyBjNJMYuJXnDfAisU44KsiPQ=
-42,-6,WBb3McS60NQtIegKe+Cm5BN+vD8=,usp7lKkgzYC1R42hWma/FegAA/I=
-41,-9,WBb3McS60NQtIegKe+Cm5BN+vD8=,biKDGONLFHDDqgbfu6z4jvUEeHs=
-42,-7,WBb3McS60NQtIegKe+Cm5BN+vD8=,b5my1z64DT3xIEQkjBNwuduzr7A=
-40,-3,WBb3McS60NQtIegKe+Cm5BN+vD8=,DWKOBS39dPzR3P81SDp89Y6LTjw=
-42,-4,WBb3McS60NQtIegKe+Cm5BN+vD8=,Gboru1xdF7pkP9MLNOtqDxvHpcw=
-41,-3,WBb3McS60NQtIegKe+Cm5BN+vD8=,Gboru1xdF7pkP9MLNOtqDxvHpcw=
-40,-8,WBb3McS60NQtIegKe+Cm5BN+vD8=,s0PjrlnosZQL93FtSUqWLvkC+jw=
-42,-10,WBb3McS60NQtIegKe+Cm5BN+vD8=,biKDGONLFHDDqgbfu6z4jvUEeHs=
-38,-10,WBb3McS60NQtIegKe+Cm5BN+vD8=,SUmjfjgHXusVAF8MCmfPheKhI3M=
-41,-11,WBb3McS60NQtIegKe+Cm5BN+vD8=,yI86El5fv6gRy05f2lvuv7KkLPg=
-39,-10,WBb3McS60NQtIegKe+Cm5BN+vD8=,vfEmaYRdkl7hiD3xfEyUqhlVgmI=
-40,-10,WBb3McS60NQtIegKe+Cm5BN+vD8=,vfEmaYRdkl7hiD3xfEyUqhlVgmI=
-41,-10,WBb3McS60NQtIegKe+Cm5BN+vD8=,biKDGONLFHDDqgbfu6z4jvUEeHs=
-39,-11,WBb3McS60NQtIegKe+Cm5BN+vD8=,BmLsDLGxPF6rHgP7L7U/MjBtfOM=
-40,-11,WBb3McS60NQtIegKe+Cm5BN+vD8=,BmLsDLGxPF6rHgP7L7U/MjBtfOM=
-39,-2,WBb3McS60NQtIegKe+Cm5BN+vD8=,R/YyBjNJMYuJXnDfAisU44KsiPQ=
-39,-3,WBb3McS60NQtIegKe+Cm5BN+vD8=,DWKOBS39dPzR3P81SDp89Y6LTjw=
-38,-2,WBb3McS60NQtIegKe+Cm5BN+vD8=,yW3b8bzo7pmql3SJCjrXKywCdJQ=
-38,-3,WBb3McS60NQtIegKe+Cm5BN+vD8=,LbVGNsnMrHfzBBltbpaVzskdcEU=
-38,-7,WBb3McS60NQtIegKe+Cm5BN+vD8=,Cfsk99ORr9cts+jsYl3OCLflj88=
-38,-4,WBb3McS60NQtIegKe+Cm5BN+vD8=,LbVGNsnMrHfzBBltbpaVzskdcEU=
-38,-5,WBb3McS60NQtIegKe+Cm5BN+vD8=,yz9/rzM0D/L5h9t00N4HXkRLDN4=
-38,-6,WBb3McS60NQtIegKe+Cm5BN+vD8=,yz9/rzM0D/L5h9t00N4HXkRLDN4=
-39,-4,WBb3McS60NQtIegKe+Cm5BN+vD8=,DWKOBS39dPzR3P81SDp89Y6LTjw=
-39,-5,WBb3McS60NQtIegKe+Cm5BN+vD8=,8B79zLtdcuraJwC7izVbGkeewu4=
-39,-7,WBb3McS60NQtIegKe+Cm5BN+vD8=,s0PjrlnosZQL93FtSUqWLvkC+jw=
-39,-6,WBb3McS60NQtIegKe+Cm5BN+vD8=,8B79zLtdcuraJwC7izVbGkeewu4=
-37,-7,WBb3McS60NQtIegKe+Cm5BN+vD8=,Cfsk99ORr9cts+jsYl3OCLflj88=
-37,-8,WBb3McS60NQtIegKe+Cm5BN+vD8=,Cfsk99ORr9cts+jsYl3OCLflj88=
-37,-9,WBb3McS60NQtIegKe+Cm5BN+vD8=,SUmjfjgHXusVAF8MCmfPheKhI3M=
-37,-10,WBb3McS60NQtIegKe+Cm5BN+vD8=,SUmjfjgHXusVAF8MCmfPheKhI3M=
-41,-12,WBb3McS60NQtIegKe+Cm5BN+vD8=,yI86El5fv6gRy05f2lvuv7KkLPg=
-39,-12,WBb3McS60NQtIegKe+Cm5BN+vD8=,BmLsDLGxPF6rHgP7L7U/MjBtfOM=
-44,-8,WBb3McS60NQtIegKe+Cm5BN+vD8=,HiH6YjW0V0YtbdysKl7QTo4bMU8=
-44,-9,WBb3McS60NQtIegKe+Cm5BN+vD8=,fhlZHPGFi29Iy2EavJcBomM68vE=
-42,-12,WBb3McS60NQtIegKe+Cm5BN+vD8=,yI86El5fv6gRy05f2lvuv7KkLPg=
-37,-1,WBb3McS60NQtIegKe+Cm5BN+vD8=,yW3b8bzo7pmql3SJCjrXKywCdJQ=
-39,-1,WBb3McS60NQtIegKe+Cm5BN+vD8=,R/YyBjNJMYuJXnDfAisU44KsiPQ=
-38,-1,WBb3McS60NQtIegKe+Cm5BN+vD8=,yW3b8bzo7pmql3SJCjrXKywCdJQ=
-44,-5,WBb3McS60NQtIegKe+Cm5BN+vD8=,vfUP6iE9fZWVC0GqIdzK1oMnj5c=
-44,-4,WBb3McS60NQtIegKe+Cm5BN+vD8=,MWcUnzYdD6hAxTdWWzaJ9CVXGE4=
-44,-6,WBb3McS60NQtIegKe+Cm5BN+vD8=,vfUP6iE9fZWVC0GqIdzK1oMnj5c=
-44,-7,WBb3McS60NQtIegKe+Cm5BN+vD8=,HiH6YjW0V0YtbdysKl7QTo4bMU8=
-44,-10,WBb3McS60NQtIegKe+Cm5BN+vD8=,fhlZHPGFi29Iy2EavJcBomM68vE=
-40,-1,WBb3McS60NQtIegKe+Cm5BN+vD8=,R/YyBjNJMYuJXnDfAisU44KsiPQ=
-44,-3,WBb3McS60NQtIegKe+Cm5BN+vD8=,MWcUnzYdD6hAxTdWWzaJ9CVXGE4=
-40,-12,WBb3McS60NQtIegKe+Cm5BN+vD8=,BmLsDLGxPF6rHgP7L7U/MjBtfOM=
-36,-6,WBb3McS60NQtIegKe+Cm5BN+vD8=,FvgrrIS38/efaW9InNO9AoULaiU=
-37,-6,WBb3McS60NQtIegKe+Cm5BN+vD8=,yz9/rzM0D/L5h9t00N4HXkRLDN4=
-37,-2,WBb3McS60NQtIegKe+Cm5BN+vD8=,yW3b8bzo7pmql3SJCjrXKywCdJQ=
-37,-4,WBb3McS60NQtIegKe+Cm5BN+vD8=,LbVGNsnMrHfzBBltbpaVzskdcEU=
-37,-5,WBb3McS60NQtIegKe+Cm5BN+vD8=,yz9/rzM0D/L5h9t00N4HXkRLDN4=
-37,-3,WBb3McS60NQtIegKe+Cm5BN+vD8=,LbVGNsnMrHfzBBltbpaVzskdcEU=
-36,-5,WBb3McS60NQtIegKe+Cm5BN+vD8=,FvgrrIS38/efaW9InNO9AoULaiU=
-36,-4,WBb3McS60NQtIegKe+Cm5BN+vD8=,cChE+6KNelB9Q7M8QonniI9NOQc=
-36,-3,WBb3McS60NQtIegKe+Cm5BN+vD8=,cChE+6KNelB9Q7M8QonniI9NOQc=
-33,-3,WBb3McS60NQtIegKe+Cm5BN+vD8=,2kKvb54ylWZlmMN9qsFc3N1Cuc8=
-35,-3,WBb3McS60NQtIegKe+Cm5BN+vD8=,cChE+6KNelB9Q7M8QonniI9NOQc=
-34,-3,WBb3McS60NQtIegKe+Cm5BN+vD8=,2kKvb54ylWZlmMN9qsFc3N1Cuc8=
-33,-6,WBb3McS60NQtIegKe+Cm5BN+vD8=,BdqpzBjKEFJtGj151BUmNqmwRNc=
-34,-6,WBb3McS60NQtIegKe+Cm5BN+vD8=,BdqpzBjKEFJtGj151BUmNqmwRNc=
-35,-6,WBb3McS60NQtIegKe+Cm5BN+vD8=,FvgrrIS38/efaW9InNO9AoULaiU=
-33,-5,WBb3McS60NQtIegKe+Cm5BN+vD8=,BdqpzBjKEFJtGj151BUmNqmwRNc=
-34,-5,WBb3McS60NQtIegKe+Cm5BN+vD8=,BdqpzBjKEFJtGj151BUmNqmwRNc=
-35,-5,WBb3McS60NQtIegKe+Cm5BN+vD8=,FvgrrIS38/efaW9InNO9AoULaiU=
-33,-4,WBb3McS60NQtIegKe+Cm5BN+vD8=,2kKvb54ylWZlmMN9qsFc3N1Cuc8=
-35,-4,WBb3McS60NQtIegKe+Cm5BN+vD8=,cChE+6KNelB9Q7M8QonniI9NOQc=
-34,-4,WBb3McS60NQtIegKe+Cm5BN+vD8=,2kKvb54ylWZlmMN9qsFc3N1Cuc8=
