93,-2,RJNb85x+SRT2y26OS7TBlM/LUaE=,HTOZ0fLXjFBSGYOye7YhwuNJd0s=
94,-2,RJNb85x+SRT2y26OS7TBlM/LUaE=,nsK6U9RtOAES4adxBdQr5MUmdTQ=
93,-3,RJNb85x+SRT2y26OS7TBlM/LUaE=,LErnU5I0IwdQC7c5HnGUZ+faHAE=
90,-4,RJNb85x+SRT2y26OS7TBlM/LUaE=,O95v/Vrqmq5mQUI/jxMLEOZjHE8=
89,-4,RJNb85x+SRT2y26OS7TBlM/LUaE=,tZtq3dDGiqnohdRLMhWNeEG51sE=
89,-3,RJNb85x+SRT2y26OS7TBlM/LUaE=,tZtq3dDGiqnohdRLMhWNeEG51sE=
91,-3,RJNb85x+SRT2y26OS7TBlM/LUaE=,O95v/Vrqmq5mQUI/jxMLEOZjHE8=
92,-2,RJNb85x+SRT2y26OS7TBlM/LUaE=,HTOZ0fLXjFBSGYOye7YhwuNJd0s=
89,-2,RJNb85x+SRT2y26OS7TBlM/LUaE=,BE4YavNZ2zZndVf6MtDa6m3E8mg=
90,-3,RJNb85x+SRT2y26OS7TBlM/LUaE=,O95v/Vrqmq5mQUI/jxMLEOZjHE8=
92,-3,RJNb85x+SRT2y26OS7TBlM/LUaE=,LErnU5I0IwdQC7c5HnGUZ+faHAE=
94,-3,RJNb85x+SRT2y26OS7TBlM/LUaE=,yw9oG3Ga+E77m4d95qVbXX7J9rg=
88,-2,RJNb85x+SRT2y26OS7TBlM/LUaE=,BE4YavNZ2zZndVf6MtDa6m3E8mg=
88,-3,RJNb85x+SRT2y26OS7TBlM/LUaE=,tZtq3dDGiqnohdRLMhWNeEG51sE=
87,-3,RJNb85x+SRT2y26OS7TBlM/LUaE=,B4gZrjrjzo/XfyG2cDQwu73b7RA=
83,-4,RJNb85x+SRT2y26OS7TBlM/LUaE=,ZV9C1AQ7ypO8D7a0ligXwop76ZA=
84,-4,RJNb85x+SRT2y26OS7TBlM/LUaE=,/ZKJLxm+Go+63ksDUdxoSYxzh40=
86,-4,RJNb85x+SRT2y26OS7TBlM/LUaE=,B4gZrjrjzo/XfyG2cDQwu73b7RA=
87,-4,RJNb85x+SRT2y26OS7TBlM/LUaE=,B4gZrjrjzo/XfyG2cDQwu73b7RA=
85,-4,RJNb85x+SRT2y26OS7TBlM/LUaE=,/ZKJLxm+Go+63ksDUdxoSYxzh40=
88,-4,RJNb85x+SRT2y26OS7TBlM/LUaE=,tZtq3dDGiqnohdRLMhWNeEG51sE=
85,-3,RJNb85x+SRT2y26OS7TBlM/LUaE=,/ZKJLxm+Go+63ksDUdxoSYxzh40=
93,-1,RJNb85x+SRT2y26OS7TBlM/LUaE=,HTOZ0fLXjFBSGYOye7YhwuNJd0s=
94,-1,RJNb85x+SRT2y26OS7TBlM/LUaE=,nsK6U9RtOAES4adxBdQr5MUmdTQ=
95,-1,RJNb85x+SRT2y26OS7TBlM/LUaE=,nsK6U9RtOAES4adxBdQr5MUmdTQ=
94,-4,RJNb85x+SRT2y26OS7TBlM/LUaE=,yw9oG3Ga+E77m4d95qVbXX7J9rg=
91,-4,RJNb85x+SRT2y26OS7TBlM/LUaE=,O95v/Vrqmq5mQUI/jxMLEOZjHE8=
92,-4,RJNb85x+SRT2y26OS7TBlM/LUaE=,LErnU5I0IwdQC7c5HnGUZ+faHAE=
93,-4,RJNb85x+SRT2y26OS7TBlM/LUaE=,LErnU5I0IwdQC7c5HnGUZ+faHAE=
88,-1,RJNb85x+SRT2y26OS7TBlM/LUaE=,BE4YavNZ2zZndVf6MtDa6m3E8mg=
83,-3,RJNb85x+SRT2y26OS7TBlM/LUaE=,ZV9C1AQ7ypO8D7a0ligXwop76ZA=
84,-3,RJNb85x+SRT2y26OS7TBlM/LUaE=,/ZKJLxm+Go+63ksDUdxoSYxzh40=
86,-3,RJNb85x+SRT2y26OS7TBlM/LUaE=,B4gZrjrjzo/XfyG2cDQwu73b7RA=
89,-1,RJNb85x+SRT2y26OS7TBlM/LUaE=,BE4YavNZ2zZndVf6MtDa6m3E8mg=
95,-4,RJNb85x+SRT2y26OS7TBlM/LUaE=,yw9oG3Ga+E77m4d95qVbXX7J9rg=
80,-4,RJNb85x+SRT2y26OS7TBlM/LUaE=,rB5jLaZOmUuIlDEWbRVAxUpnXf8=
95,-2,RJNb85x+SRT2y26OS7TBlM/LUaE=,nsK6U9RtOAES4adxBdQr5MUmdTQ=
95,-3,RJNb85x+SRT2y26OS7TBlM/LUaE=,yw9oG3Ga+E77m4d95qVbXX7J9rg=
81,-4,RJNb85x+SRT2y26OS7TBlM/LUaE=,rB5jLaZOmUuIlDEWbRVAxUpnXf8=
92,-1,RJNb85x+SRT2y26OS7TBlM/LUaE=,HTOZ0fLXjFBSGYOye7YhwuNJd0s=
82,-4,RJNb85x+SRT2y26OS7TBlM/LUaE=,ZV9C1AQ7ypO8D7a0ligXwop76ZA=
80,-3,RJNb85x+SRT2y26OS7TBlM/LUaE=,rB5jLaZOmUuIlDEWbRVAxUpnXf8=
82,-3,RJNb85x+SRT2y26OS7TBlM/LUaE=,ZV9C1AQ7ypO8D7a0ligXwop76ZA=
81,-3,RJNb85x+SRT2y26OS7TBlM/LUaE=,rB5jLaZOmUuIlDEWbRVAxUpnXf8=
65,-3,OlR17c9rUBfkW5zy+MAFQp/7fHY=,uvHCsMs+7SSOWN+uPezGHo96OIM=
66,-2,OlR17c9rUBfkW5zy+MAFQp/7fHY=,cIF+TWm2eiWIpfaX1fILK5lgHpo=
65,-2,OlR17c9rUBfkW5zy+MAFQp/7fHY=,PzXi3TyhLqDJ6x+olhnaWWr0LcY=
66,-3,OlR17c9rUBfkW5zy+MAFQp/7fHY=,FZpjDITOtYhXnuIL5uZwN74cvTU=
71,-2,OlR17c9rUBfkW5zy+MAFQp/7fHY=,Tl+qeMbUtJ7q5CW+Iznbvd/BgIA=
72,-3,OlR17c9rUBfkW5zy+MAFQp/7fHY=,c9yDDJN21yWz+ifJIpFMixBIUnI=
71,-3,OlR17c9rUBfkW5zy+MAFQp/7fHY=,SEE7RBiF9AnAtHLBlW5DTVnmrnw=
68,-2,OlR17c9rUBfkW5zy+MAFQp/7fHY=,YplxWgiKbPq6l/OIO4ltuU67Ph4=
67,-2,OlR17c9rUBfkW5zy+MAFQp/7fHY=,cIF+TWm2eiWIpfaX1fILK5lgHpo=
70,-2,OlR17c9rUBfkW5zy+MAFQp/7fHY=,Tl+qeMbUtJ7q5CW+Iznbvd/BgIA=
69,-2,OlR17c9rUBfkW5zy+MAFQp/7fHY=,YplxWgiKbPq6l/OIO4ltuU67Ph4=
70,-4,OlR17c9rUBfkW5zy+MAFQp/7fHY=,SEE7RBiF9AnAtHLBlW5DTVnmrnw=
72,-4,OlR17c9rUBfkW5zy+MAFQp/7fHY=,c9yDDJN21yWz+ifJIpFMixBIUnI=
71,-4,OlR17c9rUBfkW5zy+MAFQp/7fHY=,SEE7RBiF9AnAtHLBlW5DTVnmrnw=
69,-4,OlR17c9rUBfkW5zy+MAFQp/7fHY=,dZq0VRltb3+0157VonBbsv5vbmA=
68,-4,OlR17c9rUBfkW5zy+MAFQp/7fHY=,dZq0VRltb3+0157VonBbsv5vbmA=
66,-4,OlR17c9rUBfkW5zy+MAFQp/7fHY=,FZpjDITOtYhXnuIL5uZwN74cvTU=
67,-4,OlR17c9rUBfkW5zy+MAFQp/7fHY=,FZpjDITOtYhXnuIL5uZwN74cvTU=
65,-4,OlR17c9rUBfkW5zy+MAFQp/7fHY=,uvHCsMs+7SSOWN+uPezGHo96OIM=
67,-3,OlR17c9rUBfkW5zy+MAFQp/7fHY=,FZpjDITOtYhXnuIL5uZwN74cvTU=
68,-1,OlR17c9rUBfkW5zy+MAFQp/7fHY=,YplxWgiKbPq6l/OIO4ltuU67Ph4=
67,-1,OlR17c9rUBfkW5zy+MAFQp/7fHY=,cIF+TWm2eiWIpfaX1fILK5lgHpo=
70,-3,OlR17c9rUBfkW5zy+MAFQp/7fHY=,SEE7RBiF9AnAtHLBlW5DTVnmrnw=
68,-3,OlR17c9rUBfkW5zy+MAFQp/7fHY=,dZq0VRltb3+0157VonBbsv5vbmA=
69,-3,OlR17c9rUBfkW5zy+MAFQp/7fHY=,dZq0VRltb3+0157VonBbsv5vbmA=
74,-4,OlR17c9rUBfkW5zy+MAFQp/7fHY=,OAAkLXjwOktfhlV2SZGpfYczwVU=
73,-4,OlR17c9rUBfkW5zy+MAFQp/7fHY=,c9yDDJN21yWz+ifJIpFMixBIUnI=
64,-3,OlR17c9rUBfkW5zy+MAFQp/7fHY=,uvHCsMs+7SSOWN+uPezGHo96OIM=
65,-1,OlR17c9rUBfkW5zy+MAFQp/7fHY=,PzXi3TyhLqDJ6x+olhnaWWr0LcY=
64,-4,OlR17c9rUBfkW5zy+MAFQp/7fHY=,uvHCsMs+7SSOWN+uPezGHo96OIM=
66,-1,OlR17c9rUBfkW5zy+MAFQp/7fHY=,cIF+TWm2eiWIpfaX1fILK5lgHpo=
70,-1,OlR17c9rUBfkW5zy+MAFQp/7fHY=,Tl+qeMbUtJ7q5CW+Iznbvd/BgIA=
69,-1,OlR17c9rUBfkW5zy+MAFQp/7fHY=,YplxWgiKbPq6l/OIO4ltuU67Ph4=
71,-1,OlR17c9rUBfkW5zy+MAFQp/7fHY=,Tl+qeMbUtJ7q5CW+Iznbvd/BgIA=
64,-1,OlR17c9rUBfkW5zy+MAFQp/7fHY=,PzXi3TyhLqDJ6x+olhnaWWr0LcY=
79,-4,OlR17c9rUBfkW5zy+MAFQp/7fHY=,PgtIL5gXit6yQH/RWIAI+g8BT/s=
75,-4,OlR17c9rUBfkW5zy+MAFQp/7fHY=,OAAkLXjwOktfhlV2SZGpfYczwVU=
78,-4,OlR17c9rUBfkW5zy+MAFQp/7fHY=,PgtIL5gXit6yQH/RWIAI+g8BT/s=
64,-2,OlR17c9rUBfkW5zy+MAFQp/7fHY=,PzXi3TyhLqDJ6x+olhnaWWr0LcY=
79,-3,OlR17c9rUBfkW5zy+MAFQp/7fHY=,PgtIL5gXit6yQH/RWIAI+g8BT/s=
76,-4,OlR17c9rUBfkW5zy+MAFQp/7fHY=,umdRFFSO65A0gkv2w3kJ5ReG8UQ=
77,-4,OlR17c9rUBfkW5zy+MAFQp/7fHY=,umdRFFSO65A0gkv2w3kJ5ReG8UQ=
74,-3,OlR17c9rUBfkW5zy+MAFQp/7fHY=,OAAkLXjwOktfhlV2SZGpfYczwVU=
77,-3,OlR17c9rUBfkW5zy+MAFQp/7fHY=,umdRFFSO65A0gkv2w3kJ5ReG8UQ=
73,-3,OlR17c9rUBfkW5zy+MAFQp/7fHY=,c9yDDJN21yWz+ifJIpFMixBIUnI=
76,-3,OlR17c9rUBfkW5zy+MAFQp/7fHY=,umdRFFSO65A0gkv2w3kJ5ReG8UQ=
78,-3,OlR17c9rUBfkW5zy+MAFQp/7fHY=,PgtIL5gXit6yQH/RWIAI+g8BT/s=
75,-3,OlR17c9rUBfkW5zy+MAFQp/7fHY=,OAAkLXjwOktfhlV2SZGpfYczwVU=
