65,169,3q7I9AzIX7G09uosHWrEhrrdbxQ=,0dtsFeB3f2t7zNjhnGp1ATvc3Ew=
65,172,3q7I9AzIX7G09uosHWrEhrrdbxQ=,siwpmiqMUpF3f4P6TYYizRk02hw=
65,171,3q7I9AzIX7G09uosHWrEhrrdbxQ=,2qnk+PVAGDXeN0LGUxbBPjpHhr0=
65,170,3q7I9AzIX7G09uosHWrEhrrdbxQ=,2qnk+PVAGDXeN0LGUxbBPjpHhr0=
65,168,3q7I9AzIX7G09uosHWrEhrrdbxQ=,0dtsFeB3f2t7zNjhnGp1ATvc3Ew=
65,165,3q7I9AzIX7G09uosHWrEhrrdbxQ=,Cz+W69BB4EjrBtSvBrnHBSpX1f4=
65,167,3q7I9AzIX7G09uosHWrEhrrdbxQ=,kmdXxYX2o3rkII7x75EM3ttjYLM=
65,166,3q7I9AzIX7G09uosHWrEhrrdbxQ=,kmdXxYX2o3rkII7x75EM3ttjYLM=
64,169,3q7I9AzIX7G09uosHWrEhrrdbxQ=,0dtsFeB3f2t7zNjhnGp1ATvc3Ew=
64,167,3q7I9AzIX7G09uosHWrEhrrdbxQ=,kmdXxYX2o3rkII7x75EM3ttjYLM=
64,170,3q7I9AzIX7G09uosHWrEhrrdbxQ=,2qnk+PVAGDXeN0LGUxbBPjpHhr0=
64,168,3q7I9AzIX7G09uosHWrEhrrdbxQ=,0dtsFeB3f2t7zNjhnGp1ATvc3Ew=
65,164,3q7I9AzIX7G09uosHWrEhrrdbxQ=,Cz+W69BB4EjrBtSvBrnHBSpX1f4=
65,162,3q7I9AzIX7G09uosHWrEhrrdbxQ=,kXe5OrH773Mc5C46SQbunC5iPNc=
64,172,3q7I9AzIX7G09uosHWrEhrrdbxQ=,siwpmiqMUpF3f4P6TYYizRk02hw=
65,163,3q7I9AzIX7G09uosHWrEhrrdbxQ=,kXe5OrH773Mc5C46SQbunC5iPNc=
64,171,3q7I9AzIX7G09uosHWrEhrrdbxQ=,2qnk+PVAGDXeN0LGUxbBPjpHhr0=
64,162,3q7I9AzIX7G09uosHWrEhrrdbxQ=,kXe5OrH773Mc5C46SQbunC5iPNc=
64,164,3q7I9AzIX7G09uosHWrEhrrdbxQ=,Cz+W69BB4EjrBtSvBrnHBSpX1f4=
64,163,3q7I9AzIX7G09uosHWrEhrrdbxQ=,kXe5OrH773Mc5C46SQbunC5iPNc=
64,165,3q7I9AzIX7G09uosHWrEhrrdbxQ=,Cz+W69BB4EjrBtSvBrnHBSpX1f4=
64,166,3q7I9AzIX7G09uosHWrEhrrdbxQ=,kmdXxYX2o3rkII7x75EM3ttjYLM=
65,173,3q7I9AzIX7G09uosHWrEhrrdbxQ=,siwpmiqMUpF3f4P6TYYizRk02hw=
65,175,3q7I9AzIX7G09uosHWrEhrrdbxQ=,V7P4aUKjl9RrnG53Ot+mib8d5lI=
65,174,3q7I9AzIX7G09uosHWrEhrrdbxQ=,V7P4aUKjl9RrnG53Ot+mib8d5lI=
64,173,3q7I9AzIX7G09uosHWrEhrrdbxQ=,siwpmiqMUpF3f4P6TYYizRk02hw=
64,174,3q7I9AzIX7G09uosHWrEhrrdbxQ=,V7P4aUKjl9RrnG53Ot+mib8d5lI=
64,175,3q7I9AzIX7G09uosHWrEhrrdbxQ=,V7P4aUKjl9RrnG53Ot+mib8d5lI=
65,176,3q7I9AzIX7G09uosHWrEhrrdbxQ=,8Tif3sp1/xlnYeHcTgdfy+/5NTo=
64,177,3q7I9AzIX7G09uosHWrEhrrdbxQ=,8Tif3sp1/xlnYeHcTgdfy+/5NTo=
64,176,3q7I9AzIX7G09uosHWrEhrrdbxQ=,8Tif3sp1/xlnYeHcTgdfy+/5NTo=
65,177,3q7I9AzIX7G09uosHWrEhrrdbxQ=,8Tif3sp1/xlnYeHcTgdfy+/5NTo=
