-1,-1,RXyTHTLpzuo96MdtEjISfBnGKFk=,sjNpz0GFBklDmmugsCQoTeXJRSA=
-1,-2,yql5JvkUwiXdy5P5B01ZH02qX3I=,sjNpz0GFBklDmmugsCQoTeXJRSA=
-1,-3,yql5JvkUwiXdy5P5B01ZH02qX3I=,sjNpz0GFBklDmmugsCQoTeXJRSA=
-1,-4,yql5JvkUwiXdy5P5B01ZH02qX3I=,sjNpz0GFBklDmmugsCQoTeXJRSA=
-1,-5,yql5JvkUwiXdy5P5B01ZH02qX3I=,sjNpz0GFBklDmmugsCQoTeXJRSA=
-1,-6,yql5JvkUwiXdy5P5B01ZH02qX3I=,sjNpz0GFBklDmmugsCQoTeXJRSA=
-1,-7,yql5JvkUwiXdy5P5B01ZH02qX3I=,sjNpz0GFBklDmmugsCQoTeXJRSA=
-1,-8,6Lk/10RjFgrxdZXq58b0/5yO8gw=,sjNpz0GFBklDmmugsCQoTeXJRSA=
-1,-9,6Lk/10RjFgrxdZXq58b0/5yO8gw=,oLGaaMmRtWB8kD0yMfC+nRgnP6w=
-1,-10,6Lk/10RjFgrxdZXq58b0/5yO8gw=,oLGaaMmRtWB8kD0yMfC+nRgnP6w=
-1,-11,6Lk/10RjFgrxdZXq58b0/5yO8gw=,oLGaaMmRtWB8kD0yMfC+nRgnP6w=
-1,-12,6Lk/10RjFgrxdZXq58b0/5yO8gw=,oLGaaMmRtWB8kD0yMfC+nRgnP6w=
-1,-13,6Lk/10RjFgrxdZXq58b0/5yO8gw=,oLGaaMmRtWB8kD0yMfC+nRgnP6w=
-1,-14,6Lk/10RjFgrxdZXq58b0/5yO8gw=,oLGaaMmRtWB8kD0yMfC+nRgnP6w=
-2,-2,EHHVKLtdpFTKKkHRiKzPSia8oGA=,sjNpz0GFBklDmmugsCQoTeXJRSA=
-2,-1,EHHVKLtdpFTKKkHRiKzPSia8oGA=,sjNpz0GFBklDmmugsCQoTeXJRSA=
-2,-4,EHHVKLtdpFTKKkHRiKzPSia8oGA=,sjNpz0GFBklDmmugsCQoTeXJRSA=
-2,-3,EHHVKLtdpFTKKkHRiKzPSia8oGA=,sjNpz0GFBklDmmugsCQoTeXJRSA=
-2,-6,EHHVKLtdpFTKKkHRiKzPSia8oGA=,sjNpz0GFBklDmmugsCQoTeXJRSA=
-2,-5,EHHVKLtdpFTKKkHRiKzPSia8oGA=,sjNpz0GFBklDmmugsCQoTeXJRSA=
-2,-8,v759xGsLfwnTW69y0eXtlr/em9E=,sjNpz0GFBklDmmugsCQoTeXJRSA=
-2,-7,v759xGsLfwnTW69y0eXtlr/em9E=,sjNpz0GFBklDmmugsCQoTeXJRSA=
-2,-10,v759xGsLfwnTW69y0eXtlr/em9E=,oLGaaMmRtWB8kD0yMfC+nRgnP6w=
-2,-9,v759xGsLfwnTW69y0eXtlr/em9E=,oLGaaMmRtWB8kD0yMfC+nRgnP6w=
-2,-11,v759xGsLfwnTW69y0eXtlr/em9E=,oLGaaMmRtWB8kD0yMfC+nRgnP6w=
-2,-21,093bMDVBN9YV4o08H9Ju6gUK464=,64CcN5sxmPoIIfTnuWawh5Y8rwU=
-3,-3,093bMDVBN9YV4o08H9Ju6gUK464=,enOnPzscXF7z+3v5SNPpW8LaVSs=
-3,-4,093bMDVBN9YV4o08H9Ju6gUK464=,Xp1kUqX47AnCCCYqrRMVrw+fJtI=
-3,-1,093bMDVBN9YV4o08H9Ju6gUK464=,sjNpz0GFBklDmmugsCQoTeXJRSA=
-3,-2,093bMDVBN9YV4o08H9Ju6gUK464=,qrbrqQBMKVHfEkDUqnQBghorKDw=
-3,-7,093bMDVBN9YV4o08H9Ju6gUK464=,sjNpz0GFBklDmmugsCQoTeXJRSA=
-3,-8,093bMDVBN9YV4o08H9Ju6gUK464=,sjNpz0GFBklDmmugsCQoTeXJRSA=
-3,-5,E8er40A5RaBC/lk41g8tuIOyxT4=,k9q+PCb6ihalkkFgrxOQ3Y22FZQ=
-3,-6,E8er40A5RaBC/lk41g8tuIOyxT4=,zyGfOG1Qu2olVSKt9PYP+OZrGDA=
-3,-11,E8er40A5RaBC/lk41g8tuIOyxT4=,oLGaaMmRtWB8kD0yMfC+nRgnP6w=
-3,-9,E8er40A5RaBC/lk41g8tuIOyxT4=,oLGaaMmRtWB8kD0yMfC+nRgnP6w=
-3,-10,E8er40A5RaBC/lk41g8tuIOyxT4=,AHd5A8C6o1/i4R7GV5o9yF8UgKc=
-3,-21,ctZJX+TnPJg7JY1MKNfG5qkNcvg=,64CcN5sxmPoIIfTnuWawh5Y8rwU=
-4,-4,ctZJX+TnPJg7JY1MKNfG5qkNcvg=,bwgc2swwei6uAgDt6icyPTr7P2A=
-4,-3,ctZJX+TnPJg7JY1MKNfG5qkNcvg=,t5FwUOY1eeN+HnN4AzduoHItcNk=
-4,-2,ctZJX+TnPJg7JY1MKNfG5qkNcvg=,lZy1bE1j6nLV71terh/dr+pPL0I=
-4,-1,ctZJX+TnPJg7JY1MKNfG5qkNcvg=,BeT0+vu20rta3nyFPc+umYP9Cq0=
-4,-8,ctZJX+TnPJg7JY1MKNfG5qkNcvg=,sjNpz0GFBklDmmugsCQoTeXJRSA=
-4,-7,ctZJX+TnPJg7JY1MKNfG5qkNcvg=,sjNpz0GFBklDmmugsCQoTeXJRSA=
-4,-6,ctZJX+TnPJg7JY1MKNfG5qkNcvg=,dB/1H4XCkCg1qcm+kqFAKNtDDZg=
-4,-5,79hV/FvL+jce2oIV07Tl2p1v7/8=,DJrzpm+z3L+xwxGbLirJqJyt97c=
-4,-10,79hV/FvL+jce2oIV07Tl2p1v7/8=,49bJcZxyXIe+H7NCYqC72h8e4EM=
-4,-9,79hV/FvL+jce2oIV07Tl2p1v7/8=,DPm+xs3xUqyqDYTC3jRw6MheNH4=
-5,-5,79hV/FvL+jce2oIV07Tl2p1v7/8=,sjNpz0GFBklDmmugsCQoTeXJRSA=
-5,-6,79hV/FvL+jce2oIV07Tl2p1v7/8=,sjNpz0GFBklDmmugsCQoTeXJRSA=
-5,-7,79hV/FvL+jce2oIV07Tl2p1v7/8=,I7G20QHwK0kDpC85C38ivJo5fp8=
-5,-8,79hV/FvL+jce2oIV07Tl2p1v7/8=,sjNpz0GFBklDmmugsCQoTeXJRSA=
-5,-1,dlokShZiwfNJLchCzLnOPzLxRjQ=,DdonxgUCP2jNHjNbDEreBrQVtPo=
-5,-2,dlokShZiwfNJLchCzLnOPzLxRjQ=,LjPAZymV4bu97TbSCswjyAqmtog=
-5,-3,dlokShZiwfNJLchCzLnOPzLxRjQ=,rKhr8+VJx+xc7Xq2bnVkBMJ/djw=
-5,-4,dlokShZiwfNJLchCzLnOPzLxRjQ=,sjNpz0GFBklDmmugsCQoTeXJRSA=
-5,-9,dlokShZiwfNJLchCzLnOPzLxRjQ=,q0BjzAsxC75RSdpPMsPNY/hShSs=
-5,-10,dlokShZiwfNJLchCzLnOPzLxRjQ=,IpdTU2jft8K9DtTzHG56IywDvIk=
-6,-6,CX8hL3P9uuCFURcW+ofdNhE+7KM=,TqfLZUChyQGfY3JEaC8JKDBHH24=
-6,-5,CX8hL3P9uuCFURcW+ofdNhE+7KM=,sjNpz0GFBklDmmugsCQoTeXJRSA=
-6,-8,CX8hL3P9uuCFURcW+ofdNhE+7KM=,sjNpz0GFBklDmmugsCQoTeXJRSA=
-6,-7,CX8hL3P9uuCFURcW+ofdNhE+7KM=,icnO36Zb6ycE1AFNnCz3VEDqTfU=
-6,-2,CX8hL3P9uuCFURcW+ofdNhE+7KM=,2nSNx9vRPaiOUzCezBfSaZ/Vx7U=
-6,-1,CX8hL3P9uuCFURcW+ofdNhE+7KM=,l6Cu1ZLlvxOCylUK2tqKfMOBDeo=
-6,-4,CX8hL3P9uuCFURcW+ofdNhE+7KM=,sjNpz0GFBklDmmugsCQoTeXJRSA=
-6,-3,CX8hL3P9uuCFURcW+ofdNhE+7KM=,xg99LStCvfddCh8IFVIwKg36fAs=
-6,-10,CX8hL3P9uuCFURcW+ofdNhE+7KM=,oLGaaMmRtWB8kD0yMfC+nRgnP6w=
-6,-9,CX8hL3P9uuCFURcW+ofdNhE+7KM=,oLGaaMmRtWB8kD0yMfC+nRgnP6w=
-7,-7,nbNGyj2pmg5x5QuXS2Cwm1Al6bQ=,sjNpz0GFBklDmmugsCQoTeXJRSA=
-7,-8,nbNGyj2pmg5x5QuXS2Cwm1Al6bQ=,sjNpz0GFBklDmmugsCQoTeXJRSA=
-7,-5,nbNGyj2pmg5x5QuXS2Cwm1Al6bQ=,sjNpz0GFBklDmmugsCQoTeXJRSA=
-7,-6,nbNGyj2pmg5x5QuXS2Cwm1Al6bQ=,sjNpz0GFBklDmmugsCQoTeXJRSA=
-7,-3,nbNGyj2pmg5x5QuXS2Cwm1Al6bQ=,sjNpz0GFBklDmmugsCQoTeXJRSA=
-7,-4,nbNGyj2pmg5x5QuXS2Cwm1Al6bQ=,sjNpz0GFBklDmmugsCQoTeXJRSA=
-7,-1,7v1oR3tsRLOuekRWaeCs2fXfiMc=,sjNpz0GFBklDmmugsCQoTeXJRSA=
-7,-2,7v1oR3tsRLOuekRWaeCs2fXfiMc=,sjNpz0GFBklDmmugsCQoTeXJRSA=
-7,-9,7v1oR3tsRLOuekRWaeCs2fXfiMc=,oLGaaMmRtWB8kD0yMfC+nRgnP6w=
-7,-10,7v1oR3tsRLOuekRWaeCs2fXfiMc=,oLGaaMmRtWB8kD0yMfC+nRgnP6w=
-8,-8,+ari6A54UQK8bdlAjI+L+OuhsSo=,sjNpz0GFBklDmmugsCQoTeXJRSA=
-8,-7,+ari6A54UQK8bdlAjI+L+OuhsSo=,sjNpz0GFBklDmmugsCQoTeXJRSA=
-8,-6,+ari6A54UQK8bdlAjI+L+OuhsSo=,sjNpz0GFBklDmmugsCQoTeXJRSA=
-8,-4,+ari6A54UQK8bdlAjI+L+OuhsSo=,sjNpz0GFBklDmmugsCQoTeXJRSA=
-8,-3,+ari6A54UQK8bdlAjI+L+OuhsSo=,sjNpz0GFBklDmmugsCQoTeXJRSA=
-8,-2,+ari6A54UQK8bdlAjI+L+OuhsSo=,sjNpz0GFBklDmmugsCQoTeXJRSA=
-8,-1,+ari6A54UQK8bdlAjI+L+OuhsSo=,sjNpz0GFBklDmmugsCQoTeXJRSA=
-8,-11,0z8Vd2eRnpK19jo6ewyvkOYukoY=,oLGaaMmRtWB8kD0yMfC+nRgnP6w=
-8,-10,0z8Vd2eRnpK19jo6ewyvkOYukoY=,oLGaaMmRtWB8kD0yMfC+nRgnP6w=
-8,-9,0z8Vd2eRnpK19jo6ewyvkOYukoY=,oLGaaMmRtWB8kD0yMfC+nRgnP6w=
-9,-9,FGnDJtonlgznPoXa1It7kL35YwU=,aiflKgnxazPl/4FEFOLxfOwL0Ss=
-9,-10,FGnDJtonlgznPoXa1It7kL35YwU=,mjJkNBOyuET9AQgzUD+Br7r765E=
-9,-11,FGnDJtonlgznPoXa1It7kL35YwU=,mjJkNBOyuET9AQgzUD+Br7r765E=
-9,-1,FGnDJtonlgznPoXa1It7kL35YwU=,JdvFveIzWhU3ACqX43XTz18/vHM=
-9,-2,FGnDJtonlgznPoXa1It7kL35YwU=,JdvFveIzWhU3ACqX43XTz18/vHM=
-9,-3,FGnDJtonlgznPoXa1It7kL35YwU=,JdvFveIzWhU3ACqX43XTz18/vHM=
-9,-4,kzC7TRPUSiZgUiDKLpVUlpMSoGY=,JdvFveIzWhU3ACqX43XTz18/vHM=
-9,-8,kzC7TRPUSiZgUiDKLpVUlpMSoGY=,JdvFveIzWhU3ACqX43XTz18/vHM=
-10,-11,HYHChoVG4rcui7e2etNQyDTZ4zE=,n4+FsSO3OjI0cmbJQsbSYK6D7Po=
-10,-2,HYHChoVG4rcui7e2etNQyDTZ4zE=,JdvFveIzWhU3ACqX43XTz18/vHM=
-10,-1,HYHChoVG4rcui7e2etNQyDTZ4zE=,JdvFveIzWhU3ACqX43XTz18/vHM=
-10,-3,HYHChoVG4rcui7e2etNQyDTZ4zE=,JdvFveIzWhU3ACqX43XTz18/vHM=
-11,-3,Ett20m1x+/Oltmuj8Pjp+7XNDf4=,JdvFveIzWhU3ACqX43XTz18/vHM=
-11,-4,Ett20m1x+/Oltmuj8Pjp+7XNDf4=,JdvFveIzWhU3ACqX43XTz18/vHM=
-11,-1,Ett20m1x+/Oltmuj8Pjp+7XNDf4=,JdvFveIzWhU3ACqX43XTz18/vHM=
-11,-2,Ett20m1x+/Oltmuj8Pjp+7XNDf4=,JdvFveIzWhU3ACqX43XTz18/vHM=
-12,-4,TL0SlSh7BuPeUrCGV+cv3DRtg98=,JdvFveIzWhU3ACqX43XTz18/vHM=
-12,-3,TL0SlSh7BuPeUrCGV+cv3DRtg98=,JdvFveIzWhU3ACqX43XTz18/vHM=
-12,-2,TL0SlSh7BuPeUrCGV+cv3DRtg98=,JdvFveIzWhU3ACqX43XTz18/vHM=
-12,-1,VoEjSu75jTEHMEadkb5PZAErLfk=,JdvFveIzWhU3ACqX43XTz18/vHM=
-13,-1,BRaJh96crDPgnbxlnHbef42HG5A=,JdvFveIzWhU3ACqX43XTz18/vHM=
-13,-2,BRaJh96crDPgnbxlnHbef42HG5A=,JdvFveIzWhU3ACqX43XTz18/vHM=
-13,-3,BRaJh96crDPgnbxlnHbef42HG5A=,JdvFveIzWhU3ACqX43XTz18/vHM=
-13,-4,BRaJh96crDPgnbxlnHbef42HG5A=,JdvFveIzWhU3ACqX43XTz18/vHM=
-14,-2,oAzzStsKwRyGqo3aY1p0KjulZGw=,JdvFveIzWhU3ACqX43XTz18/vHM=
-14,-1,oAzzStsKwRyGqo3aY1p0KjulZGw=,JdvFveIzWhU3ACqX43XTz18/vHM=
-14,-4,oAzzStsKwRyGqo3aY1p0KjulZGw=,JdvFveIzWhU3ACqX43XTz18/vHM=
-14,-3,oAzzStsKwRyGqo3aY1p0KjulZGw=,JdvFveIzWhU3ACqX43XTz18/vHM=
-15,-3,oAzzStsKwRyGqo3aY1p0KjulZGw=,i837saey4LOSsRYapZWisiknZNo=
-15,-4,oAzzStsKwRyGqo3aY1p0KjulZGw=,JdvFveIzWhU3ACqX43XTz18/vHM=
-15,-1,oAzzStsKwRyGqo3aY1p0KjulZGw=,JdvFveIzWhU3ACqX43XTz18/vHM=
-15,-2,oAzzStsKwRyGqo3aY1p0KjulZGw=,RRhuRBMpQ7ToDc7Psh6/sLgL4pE=
-16,-4,oPtuKfZ+ICDRnfYPyckixKQgTDc=,JdvFveIzWhU3ACqX43XTz18/vHM=
-16,-3,oPtuKfZ+ICDRnfYPyckixKQgTDc=,Qv3WAlzVnE821TVon1l9Ibs4lqA=
-16,-2,oPtuKfZ+ICDRnfYPyckixKQgTDc=,JdvFveIzWhU3ACqX43XTz18/vHM=
-16,-1,oPtuKfZ+ICDRnfYPyckixKQgTDc=,JdvFveIzWhU3ACqX43XTz18/vHM=
-17,-2,oPtuKfZ+ICDRnfYPyckixKQgTDc=,dM8iutuvHdT5cFPDZjhnnur+Brk=
-17,-3,oPtuKfZ+ICDRnfYPyckixKQgTDc=,dM8iutuvHdT5cFPDZjhnnur+Brk=
-18,-2,8LmVZP6q9D8SSP115DAV00i4uyw=,dM8iutuvHdT5cFPDZjhnnur+Brk=
-18,-3,8LmVZP6q9D8SSP115DAV00i4uyw=,dM8iutuvHdT5cFPDZjhnnur+Brk=
-19,-3,8LmVZP6q9D8SSP115DAV00i4uyw=,dM8iutuvHdT5cFPDZjhnnur+Brk=
-19,-4,8LmVZP6q9D8SSP115DAV00i4uyw=,dM8iutuvHdT5cFPDZjhnnur+Brk=
-19,-1,8LmVZP6q9D8SSP115DAV00i4uyw=,dM8iutuvHdT5cFPDZjhnnur+Brk=
-19,-2,8LmVZP6q9D8SSP115DAV00i4uyw=,dM8iutuvHdT5cFPDZjhnnur+Brk=
-19,-5,8LmVZP6q9D8SSP115DAV00i4uyw=,dM8iutuvHdT5cFPDZjhnnur+Brk=
-20,-4,iDe6WsKlJgA1yCzowwhpyJnRKQo=,dM8iutuvHdT5cFPDZjhnnur+Brk=
-20,-3,iDe6WsKlJgA1yCzowwhpyJnRKQo=,G958MQi+QSALtRfPwLMCXMtUwkE=
-20,-2,iDe6WsKlJgA1yCzowwhpyJnRKQo=,/i1a+MKfs4DOYpytfV77xwNX/7k=
-20,-1,iDe6WsKlJgA1yCzowwhpyJnRKQo=,dM8iutuvHdT5cFPDZjhnnur+Brk=
-20,-6,iDe6WsKlJgA1yCzowwhpyJnRKQo=,dM8iutuvHdT5cFPDZjhnnur+Brk=
-20,-5,iDe6WsKlJgA1yCzowwhpyJnRKQo=,dM8iutuvHdT5cFPDZjhnnur+Brk=
-21,-5,iDe6WsKlJgA1yCzowwhpyJnRKQo=,dM8iutuvHdT5cFPDZjhnnur+Brk=
-21,-6,iDe6WsKlJgA1yCzowwhpyJnRKQo=,dM8iutuvHdT5cFPDZjhnnur+Brk=
-21,-2,BsLJ+CEiBH603j3PKeD8w6jwWDM=,qfRM9yS6lgtoOWkApHq3out3Z+k=
-21,-3,BsLJ+CEiBH603j3PKeD8w6jwWDM=,Gz8p2XmvuLUkGrLSKtOUn0IzJyU=
-21,-4,BsLJ+CEiBH603j3PKeD8w6jwWDM=,dM8iutuvHdT5cFPDZjhnnur+Brk=
-22,-5,BsLJ+CEiBH603j3PKeD8w6jwWDM=,dM8iutuvHdT5cFPDZjhnnur+Brk=
-22,-2,BsLJ+CEiBH603j3PKeD8w6jwWDM=,dM8iutuvHdT5cFPDZjhnnur+Brk=
-22,-4,BsLJ+CEiBH603j3PKeD8w6jwWDM=,dM8iutuvHdT5cFPDZjhnnur+Brk=
-22,-3,BsLJ+CEiBH603j3PKeD8w6jwWDM=,dM8iutuvHdT5cFPDZjhnnur+Brk=
