-11,1,+xNJnItXq0t+zaTYi0oFpC0rV4o=,bZYt8c8XgLLbloTpWQ8IjRBAISY=
-11,0,l+Nz/JAr63Jbxll4EvhcJ2n7puA=,7TNLpRB85HDdFRYa2D4AdcOqVU0=
-10,0,M04g6mNkVbX+HOXjrGoh7gD4HZc=,9ulLrq4i+htmI87qsqpNPKH+STQ=
-10,1,M04g6mNkVbX+HOXjrGoh7gD4HZc=,4zNutPhYgdB0ts5hrRYFlgN+Kys=
-9,1,WPPxD2hrgjgHhavx2bGZQvAMDw4=,6tHTfmK9uFMpzk3lRrbo5FNepcM=
-9,0,WPPxD2hrgjgHhavx2bGZQvAMDw4=,9ulLrq4i+htmI87qsqpNPKH+STQ=
-8,0,EuBuAu9hZOa7I5l3bsJ2BsLciBc=,SUhpd60RqnwJSgFWFqd5Kg9UI6Y=
-7,0,sU6OVWIpIV4dlR9/2PbHE025M4U=,SUhpd60RqnwJSgFWFqd5Kg9UI6Y=
-6,2,XhAUG42yeqJosrPv/iXPFjuf9Ao=,SUhpd60RqnwJSgFWFqd5Kg9UI6Y=
-6,3,XhAUG42yeqJosrPv/iXPFjuf9Ao=,SUhpd60RqnwJSgFWFqd5Kg9UI6Y=
-6,0,XhAUG42yeqJosrPv/iXPFjuf9Ao=,SUhpd60RqnwJSgFWFqd5Kg9UI6Y=
-6,1,XhAUG42yeqJosrPv/iXPFjuf9Ao=,SUhpd60RqnwJSgFWFqd5Kg9UI6Y=
-6,6,XhAUG42yeqJosrPv/iXPFjuf9Ao=,SUhpd60RqnwJSgFWFqd5Kg9UI6Y=
-6,4,XhAUG42yeqJosrPv/iXPFjuf9Ao=,SUhpd60RqnwJSgFWFqd5Kg9UI6Y=
-6,5,Quq75UFKi3DRLO2z4VjXEKFumGY=,SUhpd60RqnwJSgFWFqd5Kg9UI6Y=
-5,9,Quq75UFKi3DRLO2z4VjXEKFumGY=,eqqRsNMEAQ//C5mYwkz02tlzFsM=
-5,8,tPrxYa+pZhibU6tJYaRMale8JKI=,eqqRsNMEAQ//C5mYwkz02tlzFsM=
-5,3,tPrxYa+pZhibU6tJYaRMale8JKI=,SUhpd60RqnwJSgFWFqd5Kg9UI6Y=
-5,2,tPrxYa+pZhibU6tJYaRMale8JKI=,SUhpd60RqnwJSgFWFqd5Kg9UI6Y=
-5,1,tPrxYa+pZhibU6tJYaRMale8JKI=,SUhpd60RqnwJSgFWFqd5Kg9UI6Y=
-5,0,VEpGTXC4ahCprwjokb/3yZd7ttk=,SUhpd60RqnwJSgFWFqd5Kg9UI6Y=
-5,7,VEpGTXC4ahCprwjokb/3yZd7ttk=,SUhpd60RqnwJSgFWFqd5Kg9UI6Y=
-5,6,VEpGTXC4ahCprwjokb/3yZd7ttk=,SUhpd60RqnwJSgFWFqd5Kg9UI6Y=
-5,5,VEpGTXC4ahCprwjokb/3yZd7ttk=,SUhpd60RqnwJSgFWFqd5Kg9UI6Y=
-5,4,VEpGTXC4ahCprwjokb/3yZd7ttk=,SUhpd60RqnwJSgFWFqd5Kg9UI6Y=
-4,8,T/53Krg6bbUt5IAfxXCwOCYoCls=,eqqRsNMEAQ//C5mYwkz02tlzFsM=
-4,9,T/53Krg6bbUt5IAfxXCwOCYoCls=,e4Tpp+88kjATZWsFd1CnR+r4xLg=
-4,10,T/53Krg6bbUt5IAfxXCwOCYoCls=,y5oL/yRGL0l0cr8zUZXbUTqcySM=
-4,4,T/53Krg6bbUt5IAfxXCwOCYoCls=,SUhpd60RqnwJSgFWFqd5Kg9UI6Y=
-4,5,Ls/ASIQyQVf7ytHhxAtUl4mDOXM=,SUhpd60RqnwJSgFWFqd5Kg9UI6Y=
-4,6,Ls/ASIQyQVf7ytHhxAtUl4mDOXM=,SUhpd60RqnwJSgFWFqd5Kg9UI6Y=
-4,7,Ls/ASIQyQVf7ytHhxAtUl4mDOXM=,SUhpd60RqnwJSgFWFqd5Kg9UI6Y=
-4,0,Ls/ASIQyQVf7ytHhxAtUl4mDOXM=,SUhpd60RqnwJSgFWFqd5Kg9UI6Y=
-4,1,Ls/ASIQyQVf7ytHhxAtUl4mDOXM=,4FURWe4zfdQoVac1Qpq/qHB8N/A=
-4,2,9Jrj+c10ojq7P+w4cyLS1f8p+TI=,SUhpd60RqnwJSgFWFqd5Kg9UI6Y=
-4,3,9Jrj+c10ojq7P+w4cyLS1f8p+TI=,SUhpd60RqnwJSgFWFqd5Kg9UI6Y=
-3,5,VTM/RNrMJP47PuHcfGi72q4Itgo=,SUhpd60RqnwJSgFWFqd5Kg9UI6Y=
-3,4,VTM/RNrMJP47PuHcfGi72q4Itgo=,D9ty2GHOO6+a5OkvZGf59fXSMXA=
-3,7,VTM/RNrMJP47PuHcfGi72q4Itgo=,SUhpd60RqnwJSgFWFqd5Kg9UI6Y=
-3,6,VTM/RNrMJP47PuHcfGi72q4Itgo=,SUhpd60RqnwJSgFWFqd5Kg9UI6Y=
-3,1,VTM/RNrMJP47PuHcfGi72q4Itgo=,6eZJ604xteUQymVm9ZsjbLjn3Ak=
-3,0,orl76UKBK1TNj68hl8qq5DBy+xo=,SUhpd60RqnwJSgFWFqd5Kg9UI6Y=
-3,3,orl76UKBK1TNj68hl8qq5DBy+xo=,ct0NrzkbsDAKd/MYQ9CTvK9sA8I=
-3,2,orl76UKBK1TNj68hl8qq5DBy+xo=,XTe6qmFlM8YKezPJYHL+53uXz4A=
-2,8,oiHJVcuUEZ4uDjOYQcRey2cQEc8=,qcolUZKKXDP8JoltGJ4A+rY0oqA=
-2,6,oiHJVcuUEZ4uDjOYQcRey2cQEc8=,SVJP2c99osO5Ud7Lqcy6c/7o2eQ=
-2,7,QlhLZe6ZLewzEc8+CGql3HY6juQ=,SUhpd60RqnwJSgFWFqd5Kg9UI6Y=
-2,4,QlhLZe6ZLewzEc8+CGql3HY6juQ=,PhEyjU6JvvhR0jhdk1KOoYnP9aA=
-2,5,QlhLZe6ZLewzEc8+CGql3HY6juQ=,UXdEqo0eUXU/et8/dV/Aa6zhC1Y=
-2,2,QlhLZe6ZLewzEc8+CGql3HY6juQ=,Sp03B+6ufdrsjZezgLdyE/UoCs4=
-2,3,QlhLZe6ZLewzEc8+CGql3HY6juQ=,iOrj8B/qKzFbiHNZvvdl09tykzI=
-2,0,YeBBOoN8ciKY8G0Gv9JggmkXids=,SUhpd60RqnwJSgFWFqd5Kg9UI6Y=
-2,1,YeBBOoN8ciKY8G0Gv9JggmkXids=,8NVuoZ5BKkG6eA0SUaB3A/xEXCE=
-1,8,+TjeYgleSYvM7OrLTi8ttf22uQI=,eqqRsNMEAQ//C5mYwkz02tlzFsM=
-1,7,+TjeYgleSYvM7OrLTi8ttf22uQI=,SUhpd60RqnwJSgFWFqd5Kg9UI6Y=
-1,6,qyvdpHFXRe9c2JTJZw5HlN4eqDg=,ME9Rn4/cNgySgjL+3/F0LpmPMG8=
-1,5,qyvdpHFXRe9c2JTJZw5HlN4eqDg=,M9rpaNdFvlfxRaFkKApzcW0m32k=
-1,4,qyvdpHFXRe9c2JTJZw5HlN4eqDg=,OhfUSDxgR27OFUNsiBAkXlcUD9I=
-1,3,qyvdpHFXRe9c2JTJZw5HlN4eqDg=,fpgsWIvgAV01q/aSgK+0Z3sbzKU=
-1,2,ACrDNywB7LxmrIdHC5dRtuAiRJE=,VwDpRpa9b1IwqOpXUnmub0Y0uBc=
-1,1,ACrDNywB7LxmrIdHC5dRtuAiRJE=,SUhpd60RqnwJSgFWFqd5Kg9UI6Y=
-1,0,ACrDNywB7LxmrIdHC5dRtuAiRJE=,SUhpd60RqnwJSgFWFqd5Kg9UI6Y=
