59,0,+r2Hexh6O+hAano4GWEBCcKOGqc=,VQJBpoce/A2OkEHXkRorhURJ2Qg=
60,0,l+Nz/JAr63Jbxll4EvhcJ2n7puA=,VQJBpoce/A2OkEHXkRorhURJ2Qg=
61,0,M04g6mNkVbX+HOXjrGoh7gD4HZc=,VQJBpoce/A2OkEHXkRorhURJ2Qg=
62,0,WPPxD2hrgjgHhavx2bGZQvAMDw4=,VQJBpoce/A2OkEHXkRorhURJ2Qg=
63,0,EuBuAu9hZOa7I5l3bsJ2BsLciBc=,VQJBpoce/A2OkEHXkRorhURJ2Qg=
32,0,Xas4JfiVlxXFXIDQaTDZOZm2dYM=,OIPHMPNDiG6JD4gQCJnBrPx4jfw=
33,0,Xas4JfiVlxXFXIDQaTDZOZm2dYM=,OIPHMPNDiG6JD4gQCJnBrPx4jfw=
34,0,Xas4JfiVlxXFXIDQaTDZOZm2dYM=,OIPHMPNDiG6JD4gQCJnBrPx4jfw=
35,0,Xas4JfiVlxXFXIDQaTDZOZm2dYM=,OIPHMPNDiG6JD4gQCJnBrPx4jfw=
36,0,So5F9sTPB4ycfF/BNE7w+xWTO2k=,OIPHMPNDiG6JD4gQCJnBrPx4jfw=
36,1,So5F9sTPB4ycfF/BNE7w+xWTO2k=,OIPHMPNDiG6JD4gQCJnBrPx4jfw=
37,0,So5F9sTPB4ycfF/BNE7w+xWTO2k=,OIPHMPNDiG6JD4gQCJnBrPx4jfw=
38,0,So5F9sTPB4ycfF/BNE7w+xWTO2k=,OIPHMPNDiG6JD4gQCJnBrPx4jfw=
39,0,So5F9sTPB4ycfF/BNE7w+xWTO2k=,OIPHMPNDiG6JD4gQCJnBrPx4jfw=
40,0,So5F9sTPB4ycfF/BNE7w+xWTO2k=,p8V/Eag9pac3EyjoXTBNxqg1D4w=
41,0,So5F9sTPB4ycfF/BNE7w+xWTO2k=,p8V/Eag9pac3EyjoXTBNxqg1D4w=
42,0,So5F9sTPB4ycfF/BNE7w+xWTO2k=,p8V/Eag9pac3EyjoXTBNxqg1D4w=
43,0,So5F9sTPB4ycfF/BNE7w+xWTO2k=,p8V/Eag9pac3EyjoXTBNxqg1D4w=
44,0,IpLaaiuBz7+PbvM8SZIIInw0k+w=,p8V/Eag9pac3EyjoXTBNxqg1D4w=
45,0,IpLaaiuBz7+PbvM8SZIIInw0k+w=,p8V/Eag9pac3EyjoXTBNxqg1D4w=
46,0,IpLaaiuBz7+PbvM8SZIIInw0k+w=,p8V/Eag9pac3EyjoXTBNxqg1D4w=
47,0,IpLaaiuBz7+PbvM8SZIIInw0k+w=,p8V/Eag9pac3EyjoXTBNxqg1D4w=
48,0,RWpreJYiI8vCwqScPa7VE5pdSfk=,aAKL9c66OYNpwNNPE46aB1xUJ0s=
49,0,RWpreJYiI8vCwqScPa7VE5pdSfk=,aAKL9c66OYNpwNNPE46aB1xUJ0s=
50,0,RWpreJYiI8vCwqScPa7VE5pdSfk=,aAKL9c66OYNpwNNPE46aB1xUJ0s=
51,0,RWpreJYiI8vCwqScPa7VE5pdSfk=,aAKL9c66OYNpwNNPE46aB1xUJ0s=
52,0,jqY32x9lSdmW3umVIK7ODe+sA9o=,aAKL9c66OYNpwNNPE46aB1xUJ0s=
53,0,jqY32x9lSdmW3umVIK7ODe+sA9o=,aAKL9c66OYNpwNNPE46aB1xUJ0s=
54,0,3RdcAoTZ4u1pw4Z6zyOh/9/yvSg=,aAKL9c66OYNpwNNPE46aB1xUJ0s=
55,0,3RdcAoTZ4u1pw4Z6zyOh/9/yvSg=,aAKL9c66OYNpwNNPE46aB1xUJ0s=
56,0,BDsapmzMzcc1tFgoER8VFTvc1uE=,VQJBpoce/A2OkEHXkRorhURJ2Qg=
57,0,BDsapmzMzcc1tFgoER8VFTvc1uE=,cWno3v77KcCloyLRqLcTWwfCUb4=
58,0,dGe4WMsyVkvCizwGYFX9luZd3Qc=,g+ihWbOtRa9d5OcB2EG/IQDKRcc=
